id,group,identity,current_filename,current_url,placement,recommended_filename,required_size,required_format,status,notes
NGUOI-001,Founder,Lê Khải Minh — Co-Founder Winterfrost,Nguyen-Tien-Co-Founder-at-HomeNest-Viet-Nam.jpg,https://image.homenest.com.vn/wp-content/uploads/2026/04/Nguyen-Tien-Co-Founder-at-HomeNest-Viet-Nam.jpg,Trang chủ; Giới thiệu; bảng giá/đặt lịch,public/images/people/founder/winterfrost/le-khai-minh.webp,1600 × 2000 px (4:5),WebP chất lượng 88,DA_TAO_VA_TICH_HOP,"Ảnh người Việt đã tạo, chuẩn hóa đúng tỷ lệ và tích hợp vào dữ liệu Winterfrost."
NGUOI-002,Đội ngũ,Nguyễn Hoàng Nam,Nguyen-DEV.jpg,https://image.homenest.software/wp-content/uploads/2026/03/Nguyen-DEV.jpg,Trang chủ — Đội ngũ của chúng tôi,public/images/people/doi-ngu/nguyen-hoang-nam.webp,Tối thiểu 1200 × 1500 px (4:5),WebP chất lượng 82–88,DA_TAO_VA_TICH_HOP,"Ảnh người Việt đã tạo, chuẩn hóa đúng tỷ lệ và tích hợp vào dữ liệu Winterfrost."
NGUOI-003,Đội ngũ,Trần Ngọc Anh,Ngoc-Anh-DEV.jpg,https://image.homenest.software/wp-content/uploads/2026/03/Ngoc-Anh-DEV.jpg,Trang chủ — Đội ngũ của chúng tôi,public/images/people/doi-ngu/tran-ngoc-anh.webp,Tối thiểu 1200 × 1500 px (4:5),WebP chất lượng 82–88,DA_TAO_VA_TICH_HOP,"Ảnh người Việt đã tạo, chuẩn hóa đúng tỷ lệ và tích hợp vào dữ liệu Winterfrost."
NGUOI-004,Đội ngũ,Lê Minh Long,Long-UXUI.jpg,https://image.homenest.software/wp-content/uploads/2026/03/Long-UXUI.jpg,Trang chủ — Đội ngũ của chúng tôi,public/images/people/doi-ngu/le-minh-long.webp,Tối thiểu 1200 × 1500 px (4:5),WebP chất lượng 82–88,DA_TAO_VA_TICH_HOP,"Ảnh người Việt đã tạo, chuẩn hóa đúng tỷ lệ và tích hợp vào dữ liệu Winterfrost."
NGUOI-005,Đội ngũ,Phạm Quốc Huy,Huy-DEV.jpg,https://image.homenest.software/wp-content/uploads/2026/03/Huy-DEV.jpg,Trang chủ — Đội ngũ của chúng tôi,public/images/people/doi-ngu/pham-quoc-huy.webp,Tối thiểu 1200 × 1500 px (4:5),WebP chất lượng 82–88,DA_TAO_VA_TICH_HOP,"Ảnh người Việt đã tạo, chuẩn hóa đúng tỷ lệ và tích hợp vào dữ liệu Winterfrost."
NGUOI-006,Đội ngũ,Võ Hoàng An,Hoang-Nguyen-DEV.jpg,https://image.homenest.software/wp-content/uploads/2026/03/Hoang-Nguyen-DEV.jpg,Trang chủ — Đội ngũ của chúng tôi,public/images/people/doi-ngu/vo-hoang-an.webp,Tối thiểu 1200 × 1500 px (4:5),WebP chất lượng 82–88,DA_TAO_VA_TICH_HOP,"Ảnh người Việt đã tạo, chuẩn hóa đúng tỷ lệ và tích hợp vào dữ liệu Winterfrost."
NGUOI-007,Đội ngũ,Đặng Gia Duy,Duy-DEV.jpg,https://image.homenest.software/wp-content/uploads/2026/03/Duy-DEV.jpg,Trang chủ — Đội ngũ của chúng tôi,public/images/people/doi-ngu/dang-gia-duy.webp,Tối thiểu 1200 × 1500 px (4:5),WebP chất lượng 82–88,DA_TAO_VA_TICH_HOP,"Ảnh người Việt đã tạo, chuẩn hóa đúng tỷ lệ và tích hợp vào dữ liệu Winterfrost."
NGUOI-008,Đội ngũ,Bùi Hải Đăng,Dung-DEV.jpg,https://image.homenest.software/wp-content/uploads/2026/03/Dung-DEV.jpg,Trang chủ — Đội ngũ của chúng tôi,public/images/people/doi-ngu/bui-hai-dang.webp,Tối thiểu 1200 × 1500 px (4:5),WebP chất lượng 82–88,DA_TAO_VA_TICH_HOP,"Ảnh người Việt đã tạo, chuẩn hóa đúng tỷ lệ và tích hợp vào dữ liệu Winterfrost."
NGUOI-009,Đội ngũ,Nguyễn Minh Tài,Tai-BA-tai-HomeNest-Viet-Nam.jpg,https://image.homenest.com.vn/wp-content/uploads/2026/05/Tai-BA-tai-HomeNest-Viet-Nam.jpg,Trang chủ — Đội ngũ của chúng tôi,public/images/people/doi-ngu/nguyen-minh-tai.webp,Tối thiểu 1200 × 1500 px (4:5),WebP chất lượng 82–88,DA_TAO_VA_TICH_HOP,"Ảnh người Việt đã tạo, chuẩn hóa đúng tỷ lệ và tích hợp vào dữ liệu Winterfrost."
NGUOI-010,Đội ngũ,Trần Đức Hoàng,Hoang-Developer.jpg,https://image.homenest.com.vn/wp-content/uploads/2026/05/Hoang-Developer.jpg,Trang chủ — Đội ngũ của chúng tôi,public/images/people/doi-ngu/tran-duc-hoang.webp,Tối thiểu 1200 × 1500 px (4:5),WebP chất lượng 82–88,DA_TAO_VA_TICH_HOP,"Ảnh người Việt đã tạo, chuẩn hóa đúng tỷ lệ và tích hợp vào dữ liệu Winterfrost."
NGUOI-011,Đội ngũ,Lê Thu Hằng,Hang-BA-tai-HomeNest-Viet-Nam.jpg,https://image.homenest.com.vn/wp-content/uploads/2026/05/Hang-BA-tai-HomeNest-Viet-Nam.jpg,Trang chủ — Đội ngũ của chúng tôi,public/images/people/doi-ngu/le-thu-hang.webp,Tối thiểu 1200 × 1500 px (4:5),WebP chất lượng 82–88,DA_TAO_VA_TICH_HOP,"Ảnh người Việt đã tạo, chuẩn hóa đúng tỷ lệ và tích hợp vào dữ liệu Winterfrost."
NGUOI-012,Đội ngũ,Phạm Khánh Yến,Yen-Tester-tai-HomeNest-Viet-Nam.jpg,https://image.homenest.com.vn/wp-content/uploads/2026/05/Yen-Tester-tai-HomeNest-Viet-Nam.jpg,Trang chủ — Đội ngũ của chúng tôi,public/images/people/doi-ngu/pham-khanh-yen.webp,Tối thiểu 1200 × 1500 px (4:5),WebP chất lượng 82–88,DA_TAO_VA_TICH_HOP,"Ảnh người Việt đã tạo, chuẩn hóa đúng tỷ lệ và tích hợp vào dữ liệu Winterfrost."
NGUOI-013,Đội ngũ,Võ Anh Vũ,Vu-Anh-Developer.jpg,https://image.homenest.com.vn/wp-content/uploads/2026/05/Vu-Anh-Developer.jpg,Trang chủ — Đội ngũ của chúng tôi,public/images/people/doi-ngu/vo-anh-vu.webp,Tối thiểu 1200 × 1500 px (4:5),WebP chất lượng 82–88,DA_TAO_VA_TICH_HOP,"Ảnh người Việt đã tạo, chuẩn hóa đúng tỷ lệ và tích hợp vào dữ liệu Winterfrost."
NGUOI-014,Đội ngũ,Đặng Hùng Cường,Hung-Developer.jpg,https://image.homenest.com.vn/wp-content/uploads/2026/05/Hung-Developer.jpg,Trang chủ — Đội ngũ của chúng tôi,public/images/people/doi-ngu/dang-hung-cuong.webp,Tối thiểu 1200 × 1500 px (4:5),WebP chất lượng 82–88,DA_TAO_VA_TICH_HOP,"Ảnh người Việt đã tạo, chuẩn hóa đúng tỷ lệ và tích hợp vào dữ liệu Winterfrost."
NGUOI-015,Đội ngũ,Nguyễn Minh Thức,Thuc-AI-engineer.jpg,https://image.homenest.com.vn/wp-content/uploads/2026/05/Thuc-AI-engineer.jpg,Trang chủ — Đội ngũ của chúng tôi,public/images/people/doi-ngu/nguyen-minh-thuc.webp,Tối thiểu 1200 × 1500 px (4:5),WebP chất lượng 82–88,DA_TAO_VA_TICH_HOP,"Ảnh người Việt đã tạo, chuẩn hóa đúng tỷ lệ và tích hợp vào dữ liệu Winterfrost."
NGUOI-016,Đội ngũ,Trần Gia Tín,Tin-AI-engineer.jpg,https://image.homenest.com.vn/wp-content/uploads/2026/05/Tin-AI-engineer.jpg,Trang chủ — Đội ngũ của chúng tôi,public/images/people/doi-ngu/tran-gia-tin.webp,Tối thiểu 1200 × 1500 px (4:5),WebP chất lượng 82–88,DA_TAO_VA_TICH_HOP,"Ảnh người Việt đã tạo, chuẩn hóa đúng tỷ lệ và tích hợp vào dữ liệu Winterfrost."
NGUOI-017,Đội ngũ,Lê Thanh Thư,Thu-Marketing.jpg,https://image.homenest.com.vn/wp-content/uploads/2026/05/Thu-Marketing.jpg,Trang chủ — Đội ngũ của chúng tôi,public/images/people/doi-ngu/le-thanh-thu.webp,Tối thiểu 1200 × 1500 px (4:5),WebP chất lượng 82–88,DA_TAO_VA_TICH_HOP,"Ảnh người Việt đã tạo, chuẩn hóa đúng tỷ lệ và tích hợp vào dữ liệu Winterfrost."
NGUOI-018,Đội ngũ,Phạm Anh Tuấn,Tuan-AI-engineer.jpg,https://image.homenest.com.vn/wp-content/uploads/2026/05/Tuan-AI-engineer.jpg,Trang chủ — Đội ngũ của chúng tôi,public/images/people/doi-ngu/pham-anh-tuan.webp,Tối thiểu 1200 × 1500 px (4:5),WebP chất lượng 82–88,DA_TAO_VA_TICH_HOP,"Ảnh người Việt đã tạo, chuẩn hóa đúng tỷ lệ và tích hợp vào dữ liệu Winterfrost."
NGUOI-019,Đội ngũ,Võ Minh Trí,Tri-Marketing.jpg,https://image.homenest.com.vn/wp-content/uploads/2026/05/Tri-Marketing.jpg,Trang chủ — Đội ngũ của chúng tôi,public/images/people/doi-ngu/vo-minh-tri.webp,Tối thiểu 1200 × 1500 px (4:5),WebP chất lượng 82–88,DA_TAO_VA_TICH_HOP,"Ảnh người Việt đã tạo, chuẩn hóa đúng tỷ lệ và tích hợp vào dữ liệu Winterfrost."
NGUOI-020,Đội ngũ,Nguyễn Chí Nhân,chan.jpeg,https://image.homenest.com.vn/wp-content/uploads/2026/04/chan.jpeg,Trang chủ — Đội ngũ của chúng tôi,public/images/people/doi-ngu/nguyen-chi-nhan.webp,Tối thiểu 1200 × 1500 px (4:5),WebP chất lượng 82–88,DA_TAO_VA_TICH_HOP,"Ảnh người Việt đã tạo, chuẩn hóa đúng tỷ lệ và tích hợp vào dữ liệu Winterfrost."
NGUOI-021,Đội ngũ,Trần Tiến Phát,Nguyen-Tien-Co.Founder-HomeNest-Viet-Nam.jpeg,https://image.homenest.com.vn/wp-content/uploads/2026/06/Nguyen-Tien-Co.Founder-HomeNest-Viet-Nam.jpeg,Trang chủ — Đội ngũ của chúng tôi,public/images/people/doi-ngu/tran-tien-phat.webp,Tối thiểu 1200 × 1500 px (4:5),WebP chất lượng 82–88,DA_TAO_VA_TICH_HOP,"Ảnh người Việt đã tạo, chuẩn hóa đúng tỷ lệ và tích hợp vào dữ liệu Winterfrost."
NGUOI-022,Đội ngũ,Lê Thu Thảo,Thao-DEV.jpg,https://image.homenest.software/wp-content/uploads/2026/03/Thao-DEV.jpg,Trang chủ — Đội ngũ của chúng tôi,public/images/people/doi-ngu/le-thu-thao.webp,Tối thiểu 1200 × 1500 px (4:5),WebP chất lượng 82–88,DA_TAO_VA_TICH_HOP,"Ảnh người Việt đã tạo, chuẩn hóa đúng tỷ lệ và tích hợp vào dữ liệu Winterfrost."
NGUOI-023,Đội ngũ,Phạm Đức Thắng,Thang-DEV.jpg,https://image.homenest.software/wp-content/uploads/2026/03/Thang-DEV.jpg,Trang chủ — Đội ngũ của chúng tôi,public/images/people/doi-ngu/pham-duc-thang.webp,Tối thiểu 1200 × 1500 px (4:5),WebP chất lượng 82–88,DA_TAO_VA_TICH_HOP,"Ảnh người Việt đã tạo, chuẩn hóa đúng tỷ lệ và tích hợp vào dữ liệu Winterfrost."
NGUOI-024,Đội ngũ,Võ Tấn Huy,Tan-Huy-DEV.jpg,https://image.homenest.software/wp-content/uploads/2026/03/Tan-Huy-DEV.jpg,Trang chủ — Đội ngũ của chúng tôi,public/images/people/doi-ngu/vo-tan-huy.webp,Tối thiểu 1200 × 1500 px (4:5),WebP chất lượng 82–88,DA_TAO_VA_TICH_HOP,"Ảnh người Việt đã tạo, chuẩn hóa đúng tỷ lệ và tích hợp vào dữ liệu Winterfrost."
NGUOI-025,Đội ngũ,Đặng Minh Sang,Sang-DEV.jpg,https://image.homenest.software/wp-content/uploads/2026/03/Sang-DEV.jpg,Trang chủ — Đội ngũ của chúng tôi,public/images/people/doi-ngu/dang-minh-sang.webp,Tối thiểu 1200 × 1500 px (4:5),WebP chất lượng 82–88,DA_TAO_VA_TICH_HOP,"Ảnh người Việt đã tạo, chuẩn hóa đúng tỷ lệ và tích hợp vào dữ liệu Winterfrost."
NGUOI-026,Đội ngũ,Nguyễn Hồng Nhung,Nhung-UXUI.jpg,https://image.homenest.software/wp-content/uploads/2026/03/Nhung-UXUI.jpg,Trang chủ — Đội ngũ của chúng tôi,public/images/people/doi-ngu/nguyen-hong-nhung.webp,Tối thiểu 1200 × 1500 px (4:5),WebP chất lượng 82–88,DA_TAO_VA_TICH_HOP,"Ảnh người Việt đã tạo, chuẩn hóa đúng tỷ lệ và tích hợp vào dữ liệu Winterfrost."
NGUOI-027,Đội ngũ,Trần Gia Bảo,Bao-DEV.jpg,https://image.homenest.software/wp-content/uploads/2026/03/Bao-DEV.jpg,Trang chủ — Đội ngũ của chúng tôi,public/images/people/doi-ngu/tran-gia-bao.webp,Tối thiểu 1200 × 1500 px (4:5),WebP chất lượng 82–88,DA_TAO_VA_TICH_HOP,"Ảnh người Việt đã tạo, chuẩn hóa đúng tỷ lệ và tích hợp vào dữ liệu Winterfrost."
NGUOI-028,Đội ngũ,Lê Khải Khang,Khang-Graphic-Design.jpg,https://image.homenest.com.vn/wp-content/uploads/2026/05/Khang-Graphic-Design.jpg,Trang chủ — Đội ngũ của chúng tôi,public/images/people/doi-ngu/le-khai-khang.webp,Tối thiểu 1200 × 1500 px (4:5),WebP chất lượng 82–88,DA_TAO_VA_TICH_HOP,"Ảnh người Việt đã tạo, chuẩn hóa đúng tỷ lệ và tích hợp vào dữ liệu Winterfrost."
NGUOI-029,Đội ngũ,Phạm Thanh Phúc,Tien-Phat-Developer.jpg,https://image.homenest.com.vn/wp-content/uploads/2026/05/Tien-Phat-Developer.jpg,Trang chủ — Đội ngũ của chúng tôi,public/images/people/doi-ngu/pham-thanh-phuc.webp,Tối thiểu 1200 × 1500 px (4:5),WebP chất lượng 82–88,DA_TAO_VA_TICH_HOP,"Ảnh người Việt đã tạo, chuẩn hóa đúng tỷ lệ và tích hợp vào dữ liệu Winterfrost."
NGUOI-030,Đội ngũ,Võ Thanh Mai,Thanh-Phuc-Developer.jpg,https://image.homenest.com.vn/wp-content/uploads/2026/05/Thanh-Phuc-Developer.jpg,Trang chủ — Đội ngũ của chúng tôi,public/images/people/doi-ngu/vo-thanh-mai.webp,Tối thiểu 1200 × 1500 px (4:5),WebP chất lượng 82–88,DA_TAO_VA_TICH_HOP,"Ảnh người Việt đã tạo, chuẩn hóa đúng tỷ lệ và tích hợp vào dữ liệu Winterfrost."
NGUOI-031,Đội ngũ,Nguyễn Đức Thành,Thanh-Mai-Tester.jpg,https://image.homenest.com.vn/wp-content/uploads/2026/05/Thanh-Mai-Tester.jpg,Trang chủ — Đội ngũ của chúng tôi,public/images/people/doi-ngu/nguyen-duc-thanh.webp,Tối thiểu 1200 × 1500 px (4:5),WebP chất lượng 82–88,DA_TAO_VA_TICH_HOP,"Ảnh người Việt đã tạo, chuẩn hóa đúng tỷ lệ và tích hợp vào dữ liệu Winterfrost."
NGUOI-032,Đội ngũ,Trần Quỳnh Anh,Thanh-Graphic-Design.jpg,https://image.homenest.com.vn/wp-content/uploads/2026/05/Thanh-Graphic-Design.jpg,Trang chủ — Đội ngũ của chúng tôi,public/images/people/doi-ngu/tran-quynh-anh.webp,Tối thiểu 1200 × 1500 px (4:5),WebP chất lượng 82–88,DA_TAO_VA_TICH_HOP,"Ảnh người Việt đã tạo, chuẩn hóa đúng tỷ lệ và tích hợp vào dữ liệu Winterfrost."
NGUOI-033,Khách hàng,Nguyễn Quốc Việt — Giám đốc Verdora Property,Khach-Hang-Vu-Son-HomeNestVietNam.jpg,https://image.homenest.com.vn/wp-content/uploads/2026/04/Khach-Hang-Vu-Son-HomeNestVietNam.jpg,Trang chủ — Cảm nhận khách hàng,public/images/people/khach-hang/nguyen-quoc-viet.webp,Tối thiểu 1000 × 1000 px (1:1),WebP chất lượng 82–88,DA_TAO_VA_TICH_HOP,"Ảnh người Việt đã tạo, chuẩn hóa đúng tỷ lệ và tích hợp vào dữ liệu Winterfrost."
NGUOI-034,Khách hàng,Trần Minh Châu — Quản lý Loomora Rugs,Khach-Hang-Ngo-Tuoi-HomeNestVietNam.jpg,https://image.homenest.com.vn/wp-content/uploads/2026/04/Khach-Hang-Ngo-Tuoi-HomeNestVietNam.jpg,Trang chủ — Cảm nhận khách hàng,public/images/people/khach-hang/tran-minh-chau.webp,Tối thiểu 1000 × 1000 px (1:1),WebP chất lượng 82–88,DA_TAO_VA_TICH_HOP,"Ảnh người Việt đã tạo, chuẩn hóa đúng tỷ lệ và tích hợp vào dữ liệu Winterfrost."
NGUOI-035,Khách hàng,Lê Đức Anh — Nhà sáng lập Bytevera,Khach-Hang-Nguyen-Bach-HomeNestVietNam.jpg,https://image.homenest.com.vn/wp-content/uploads/2026/04/Khach-Hang-Nguyen-Bach-HomeNestVietNam.jpg,Trang chủ — Cảm nhận khách hàng,public/images/people/khach-hang/le-duc-anh.webp,Tối thiểu 1000 × 1000 px (1:1),WebP chất lượng 82–88,DA_TAO_VA_TICH_HOP,"Ảnh người Việt đã tạo, chuẩn hóa đúng tỷ lệ và tích hợp vào dữ liệu Winterfrost."
NGUOI-036,Khách hàng,Phạm Hải Long — Đồng sáng lập Aeromint,Khach-Hang-David-Chen-HomeNestVietNam.jpg,https://image.homenest.com.vn/wp-content/uploads/2026/04/Khach-Hang-David-Chen-HomeNestVietNam.jpg,Trang chủ — Cảm nhận khách hàng,public/images/people/khach-hang/pham-hai-long.webp,Tối thiểu 1000 × 1000 px (1:1),WebP chất lượng 82–88,DA_TAO_VA_TICH_HOP,"Ảnh người Việt đã tạo, chuẩn hóa đúng tỷ lệ và tích hợp vào dữ liệu Winterfrost."
NGUOI-037,Khách hàng,Võ Thanh Hương — Giám đốc Marketing Chromiva Coatings,Khach-Hang-Chris-Tran-HomeNestVietNam.jpg,https://image.homenest.com.vn/wp-content/uploads/2026/04/Khach-Hang-Chris-Tran-HomeNestVietNam.jpg,Trang chủ — Cảm nhận khách hàng,public/images/people/khach-hang/vo-thanh-huong.webp,Tối thiểu 1000 × 1000 px (1:1),WebP chất lượng 82–88,DA_TAO_VA_TICH_HOP,"Ảnh người Việt đã tạo, chuẩn hóa đúng tỷ lệ và tích hợp vào dữ liệu Winterfrost."
NGUOI-038,Khách hàng,Đặng Minh Khoa — Quản lý sản phẩm Nivora Connect,Khach-Hang-Le-Minh-Khang-HomeNestVietNam.jpg,https://image.homenest.com.vn/wp-content/uploads/2026/04/Khach-Hang-Le-Minh-Khang-HomeNestVietNam.jpg,Trang chủ — Cảm nhận khách hàng,public/images/people/khach-hang/dang-minh-khoa.webp,Tối thiểu 1000 × 1000 px (1:1),WebP chất lượng 82–88,DA_TAO_VA_TICH_HOP,"Ảnh người Việt đã tạo, chuẩn hóa đúng tỷ lệ và tích hợp vào dữ liệu Winterfrost."
NGUOI-039,Đối tác,"Nguyễn Gia Hân — Marketing Director, Rovena Travel",Doi-tac-Minh-Tam-HomeNest-Viet-Nam.jpg,https://image.homenest.com.vn/wp-content/uploads/2026/04/Doi-tac-Minh-Tam-HomeNest-Viet-Nam.jpg,Giới thiệu — Minh chứng từ đối tác,public/images/people/doi-tac/nguyen-gia-han.webp,Tối thiểu 1000 × 1000 px (1:1),WebP chất lượng 82–88,DA_TAO_VA_TICH_HOP,"Ảnh người Việt đã tạo, chuẩn hóa đúng tỷ lệ và tích hợp vào dữ liệu Winterfrost."
NGUOI-040,Đối tác,"Trần Bảo Ngọc — Project Manager, Edunora",Doi-tac-Kieu-Loan-HomeNest-Viet-Nam.jpg,https://image.homenest.com.vn/wp-content/uploads/2026/04/Doi-tac-Kieu-Loan-HomeNest-Viet-Nam.jpg,Giới thiệu — Minh chứng từ đối tác,public/images/people/doi-tac/tran-bao-ngoc.webp,Tối thiểu 1000 × 1000 px (1:1),WebP chất lượng 82–88,DA_TAO_VA_TICH_HOP,"Ảnh người Việt đã tạo, chuẩn hóa đúng tỷ lệ và tích hợp vào dữ liệu Winterfrost."
NGUOI-041,Đối tác,"Lê Quang Huy — CEO, Ceranova",Doi-tac-Ngoc-Trieu-HomeNest-Viet-Nam.jpg,https://image.homenest.com.vn/wp-content/uploads/2026/04/Doi-tac-Ngoc-Trieu-HomeNest-Viet-Nam.jpg,Giới thiệu — Minh chứng từ đối tác,public/images/people/doi-tac/le-quang-huy.webp,Tối thiểu 1000 × 1000 px (1:1),WebP chất lượng 82–88,DA_TAO_VA_TICH_HOP,"Ảnh người Việt đã tạo, chuẩn hóa đúng tỷ lệ và tích hợp vào dữ liệu Winterfrost."
NGUOI-042,Đối tác,"Phạm Thu Hà — Operations Manager, Candella Works",Doi-tac-Ngoc-Ha-HomeNest-Viet-Nam.jpg,https://image.homenest.com.vn/wp-content/uploads/2026/04/Doi-tac-Ngoc-Ha-HomeNest-Viet-Nam.jpg,Giới thiệu — Minh chứng từ đối tác,public/images/people/doi-tac/pham-thu-ha.webp,Tối thiểu 1000 × 1000 px (1:1),WebP chất lượng 82–88,DA_TAO_VA_TICH_HOP,"Ảnh người Việt đã tạo, chuẩn hóa đúng tỷ lệ và tích hợp vào dữ liệu Winterfrost."
NGUOI-043,Đối tác,"Võ Khánh Linh — Marketing Manager, Veloura Nails",Doi-tac-Thu-Tuyet-HomeNest-Viet-Nam.jpg,https://image.homenest.com.vn/wp-content/uploads/2026/04/Doi-tac-Thu-Tuyet-HomeNest-Viet-Nam.jpg,Giới thiệu — Minh chứng từ đối tác,public/images/people/doi-tac/vo-khanh-linh.webp,Tối thiểu 1000 × 1000 px (1:1),WebP chất lượng 82–88,DA_TAO_VA_TICH_HOP,"Ảnh người Việt đã tạo, chuẩn hóa đúng tỷ lệ và tích hợp vào dữ liệu Winterfrost."
NGUOI-044,Đối tác,"Đặng Quốc Bảo — Co-founder, Auriva Land",Doi-tac-Tan-Khang-HomeNest-Viet-Nam.jpg,https://image.homenest.com.vn/wp-content/uploads/2026/04/Doi-tac-Tan-Khang-HomeNest-Viet-Nam.jpg,Giới thiệu — Minh chứng từ đối tác,public/images/people/doi-tac/dang-quoc-bao.webp,Tối thiểu 1000 × 1000 px (1:1),WebP chất lượng 82–88,DA_TAO_VA_TICH_HOP,"Ảnh người Việt đã tạo, chuẩn hóa đúng tỷ lệ và tích hợp vào dữ liệu Winterfrost."
NGUOI-045,Đối tác,Bùi Minh Đức — Đại diện Motoria Link,Doi-tac-Dai-Phat-cua-HomeNest-Viet-Nam.jpg,https://image.homenest.com.vn/wp-content/uploads/2026/05/Doi-tac-Dai-Phat-cua-HomeNest-Viet-Nam.jpg,Trang chủ — Lý do chọn HomeNest,public/images/people/doi-tac/bui-minh-duc.webp,Tối thiểu 1000 × 1000 px (1:1),WebP chất lượng 82–88,DA_TAO_VA_TICH_HOP,"Ảnh người Việt đã tạo, chuẩn hóa đúng tỷ lệ và tích hợp vào dữ liệu Winterfrost."
NGUOI-046,Đối tác,Nguyễn Thảo Vy — Đại diện Brewvia,Doi-tac-Dava-cua-HomeNest-Viet-Nam.jpg,https://image.homenest.com.vn/wp-content/uploads/2026/05/Doi-tac-Dava-cua-HomeNest-Viet-Nam.jpg,Trang chủ — Lý do chọn HomeNest,public/images/people/doi-tac/nguyen-thao-vy.webp,Tối thiểu 1000 × 1000 px (1:1),WebP chất lượng 82–88,DA_TAO_VA_TICH_HOP,"Ảnh người Việt đã tạo, chuẩn hóa đúng tỷ lệ và tích hợp vào dữ liệu Winterfrost."
NGUOI-047,Đối tác,Trần Khánh Phong — Đại diện Grevia Lawn,Doi-tac-Khanh-Phong-cua-HomeNest-Viet-Nam.jpg,https://image.homenest.com.vn/wp-content/uploads/2026/05/Doi-tac-Khanh-Phong-cua-HomeNest-Viet-Nam.jpg,Trang chủ — Lý do chọn HomeNest,public/images/people/doi-tac/tran-khanh-phong.webp,Tối thiểu 1000 × 1000 px (1:1),WebP chất lượng 82–88,DA_TAO_VA_TICH_HOP,"Ảnh người Việt đã tạo, chuẩn hóa đúng tỷ lệ và tích hợp vào dữ liệu Winterfrost."
NGUOI-048,Đối tác,Lê Kiến An — Đại diện Arcvera Construction,Doi-tac-Kien-Cat-cua-HomeNest-Viet-Nam.jpg,https://image.homenest.com.vn/wp-content/uploads/2026/05/Doi-tac-Kien-Cat-cua-HomeNest-Viet-Nam.jpg,Trang chủ — Lý do chọn HomeNest,public/images/people/doi-tac/le-kien-an.webp,Tối thiểu 1000 × 1000 px (1:1),WebP chất lượng 82–88,DA_TAO_VA_TICH_HOP,"Ảnh người Việt đã tạo, chuẩn hóa đúng tỷ lệ và tích hợp vào dữ liệu Winterfrost."
NGUOI-049,Đối tác,Phạm Minh Anh — Đại diện Mirava,Doi-tac-Mira-cua-HomeNest-Viet-Nam.jpg,https://image.homenest.com.vn/wp-content/uploads/2026/05/Doi-tac-Mira-cua-HomeNest-Viet-Nam.jpg,Trang chủ — Lý do chọn HomeNest,public/images/people/doi-tac/pham-minh-anh.webp,Tối thiểu 1000 × 1000 px (1:1),WebP chất lượng 82–88,DA_TAO_VA_TICH_HOP,"Ảnh người Việt đã tạo, chuẩn hóa đúng tỷ lệ và tích hợp vào dữ liệu Winterfrost."
NGUOI-050,Đối tác,Võ Nhật Nam — Đại diện Polyvera,Doi-tac-Niziko-Group-cua-HomeNest-Viet-Nam.jpg,https://image.homenest.com.vn/wp-content/uploads/2026/05/Doi-tac-Niziko-Group-cua-HomeNest-Viet-Nam.jpg,Trang chủ — Lý do chọn HomeNest,public/images/people/doi-tac/vo-nhat-nam.webp,Tối thiểu 1000 × 1000 px (1:1),WebP chất lượng 82–88,DA_TAO_VA_TICH_HOP,"Ảnh người Việt đã tạo, chuẩn hóa đúng tỷ lệ và tích hợp vào dữ liệu Winterfrost."
NGUOI-051,Đối tác,Đặng Hoài Thương — Đại diện Lumera Living,Doi-tac-NST-Tech-cua-HomeNest-Viet-Nam.jpg,https://image.homenest.com.vn/wp-content/uploads/2026/05/Doi-tac-NST-Tech-cua-HomeNest-Viet-Nam.jpg,Trang chủ — Lý do chọn HomeNest,public/images/people/doi-tac/dang-hoai-thuong.webp,Tối thiểu 1000 × 1000 px (1:1),WebP chất lượng 82–88,DA_TAO_VA_TICH_HOP,"Ảnh người Việt đã tạo, chuẩn hóa đúng tỷ lệ và tích hợp vào dữ liệu Winterfrost."
NGUOI-052,Đối tác,Nguyễn Tuấn Kiệt — Đại diện Mocvan Tea,Doi-tac-Chu-Quan-Ca-Phe-cua-HomeNest-Viet-Nam.jpg,https://image.homenest.com.vn/wp-content/uploads/2026/05/Doi-tac-Chu-Quan-Ca-Phe-cua-HomeNest-Viet-Nam.jpg,Trang chủ — Lý do chọn HomeNest,public/images/people/doi-tac/nguyen-tuan-kiet.webp,Tối thiểu 1000 × 1000 px (1:1),WebP chất lượng 82–88,DA_TAO_VA_TICH_HOP,"Ảnh người Việt đã tạo, chuẩn hóa đúng tỷ lệ và tích hợp vào dữ liệu Winterfrost."
NGUOI-053,Ảnh hội thoại,Trần Hoài An — Khách hàng Winterfrost,user-avatar-5.jpg,https://image.homenest.com.vn/wp-content/uploads/2026/04/user-avatar-5.jpg,Trang chủ — thẻ tích hợp linh hoạt,public/images/people/anh-hoi-thoai/tran-hoai-an.webp,Tối thiểu 1000 × 1000 px (1:1),WebP chất lượng 82–88,DA_TAO_VA_TICH_HOP,"Ảnh người Việt đã tạo, chuẩn hóa đúng tỷ lệ và tích hợp vào dữ liệu Winterfrost."
NGUOI-054,CTA,Chuyên viên giải pháp công nghệ,Young-man-at-HomeNestVietNam-CTA.png,https://image.homenest.com.vn/wp-content/uploads/2026/04/Young-man-at-HomeNestVietNam-CTA.png,/dich-vu/phat-trien-ai; /dich-vu/phat-trien-phan-mem-doanh-nghiep,public/images/people/cta/winterfrost/chuyen-vien-nam-tre.png,"Tối thiểu 1080 × 1320 px, tỷ lệ 9:11",PNG hoặc WebP nền trong suốt,DA_TAO_VA_TICH_HOP,"Ảnh người Việt đã tạo, chuẩn hóa đúng tỷ lệ và tích hợp vào dữ liệu Winterfrost."
NGUOI-055,CTA,Quản lý giải pháp doanh nghiệp,Male-Manager-at-HomeNestVietNam-CTA.png,https://image.homenest.com.vn/wp-content/uploads/2026/04/Male-Manager-at-HomeNestVietNam-CTA.png,/dich-vu/phat-trien-blockchain; /dich-vu/thiet-ke-website; /dich-vu/van-hanh-va-bao-tri,public/images/people/cta/winterfrost/quan-ly-nam.png,"Tối thiểu 1080 × 1320 px, tỷ lệ 9:11",PNG hoặc WebP nền trong suốt,DA_TAO_VA_TICH_HOP,"Ảnh người Việt đã tạo, chuẩn hóa đúng tỷ lệ và tích hợp vào dữ liệu Winterfrost."
NGUOI-056,CTA,Kỹ sư công nghệ trẻ,Young-staff-HomeNestVietNam-CTA.png,https://image.homenest.com.vn/wp-content/uploads/2026/04/Young-staff-HomeNestVietNam-CTA.png,/dich-vu/phat-trien-devops; /dich-vu/thiet-ke-app,public/images/people/cta/winterfrost/nhan-vien-cong-nghe-tre.png,"Tối thiểu 1080 × 1320 px, tỷ lệ 9:11",PNG hoặc WebP nền trong suốt,DA_TAO_VA_TICH_HOP,"Ảnh người Việt đã tạo, chuẩn hóa đúng tỷ lệ và tích hợp vào dữ liệu Winterfrost."
NGUOI-057,CTA,Chuyên viên tư vấn khách hàng,Woman-staff-HomeNestVietNam-CTA.png,https://image.homenest.com.vn/wp-content/uploads/2026/04/Woman-staff-HomeNestVietNam-CTA.png,/dich-vu/phat-trien-iot; /dich-vu/phat-trien-phan-mem-mvp; /dich-vu/phat-trien-ung-dung-saas,public/images/people/cta/winterfrost/chuyen-vien-nu.png,"Tối thiểu 1080 × 1320 px, tỷ lệ 9:11",PNG hoặc WebP nền trong suốt,DA_TAO_VA_TICH_HOP,"Ảnh người Việt đã tạo, chuẩn hóa đúng tỷ lệ và tích hợp vào dữ liệu Winterfrost."
NGUOI-058,CTA,Chuyên viên tư vấn Winterfrost,Book-a-call-now.avif,https://image.homenest.software/wp-content/uploads/2026/03/Book-a-call-now.avif,"CTA dùng chung trên trang chủ, dự án, tuyển dụng và nhiều trang khác",public/images/people/cta/winterfrost/chuyen-vien-tu-van-viet-nam.png,"Tối thiểu 1080 × 1320 px, tỷ lệ 9:11",PNG hoặc WebP nền trong suốt,DA_TAO_VA_TICH_HOP,"Ảnh người Việt đã tạo, chuẩn hóa đúng tỷ lệ và tích hợp vào dữ liệu Winterfrost."
NGUOI-059,Tuyển dụng,Đội ngũ công nghệ Winterfrost,hero-banner.webp,https://homenest.com.vn/assets/tuyen-dung/hero-banner.webp,/tuyen-dung và banner đầu trang chi tiết tuyển dụng,public/images/people/tuyen-dung/doi-ngu-winterfrost.webp,Tối thiểu 2560 × 1440 px (16:9),WebP chất lượng 82–88,DA_TAO_VA_TICH_HOP,"Ảnh người Việt đã tạo, chuẩn hóa đúng tỷ lệ và tích hợp vào dữ liệu Winterfrost."
NGUOI-060,Work Life,Một ngày làm việc của đội ngũ kiểm thử Winterfrost,Mot-ngay-la-tester-tai-HomeNest-Viet-Nam-scaled.jpg,https://image.homenest.com.vn/wp-content/uploads/2026/07/Mot-ngay-la-tester-tai-HomeNest-Viet-Nam-scaled.jpg,/tuyen-dung; /ve-chung-toi; bài viết Work Life,public/images/people/work-life/mot-ngay-kiem-thu-winterfrost.webp,Tối thiểu 1920 × 1080 px (16:9),WebP chất lượng 82–88,DA_TAO_VA_TICH_HOP,"Ảnh người Việt đã tạo, chuẩn hóa đúng tỷ lệ và tích hợp vào dữ liệu Winterfrost."
NGUOI-061,Work Life,Một ngày làm việc của Business Analyst Winterfrost,Mot-ngay-lam-viec-cua-Business-Analytics.jpg,https://image.homenest.com.vn/wp-content/uploads/2026/07/Mot-ngay-lam-viec-cua-Business-Analytics.jpg,/tuyen-dung; /ve-chung-toi; bài viết Work Life,public/images/people/work-life/mot-ngay-business-analyst-winterfrost.webp,Tối thiểu 1920 × 1080 px (16:9),WebP chất lượng 82–88,DA_TAO_VA_TICH_HOP,"Ảnh người Việt đã tạo, chuẩn hóa đúng tỷ lệ và tích hợp vào dữ liệu Winterfrost."
NGUOI-062,Work Life,Một ngày làm việc của Flutter Developer Winterfrost,Mot-ngay-lam-viec-cua-Flutter-Developer-tai-HomeNest.jpg,https://image.homenest.com.vn/wp-content/uploads/2026/06/Mot-ngay-lam-viec-cua-Flutter-Developer-tai-HomeNest.jpg,/tuyen-dung; /ve-chung-toi; bài viết Work Life,public/images/people/work-life/mot-ngay-flutter-developer-winterfrost.webp,Tối thiểu 1920 × 1080 px (16:9),WebP chất lượng 82–88,DA_TAO_VA_TICH_HOP,"Ảnh người Việt đã tạo, chuẩn hóa đúng tỷ lệ và tích hợp vào dữ liệu Winterfrost."
NGUOI-063,Văn phòng,Văn phòng Winterfrost,CTA-Footer-HomeNest-Viet-Nam.jpg,https://image.homenest.com.vn/wp-content/uploads/2026/04/CTA-Footer-HomeNest-Viet-Nam.jpg,Footer CTA và các khối liên hệ,public/images/people/van-phong/van-phong-winterfrost.webp,Ảnh master tối thiểu 2400 × 1600 px (3:2),WebP chất lượng 82–88,DA_TAO_VA_TICH_HOP,"Ảnh người Việt đã tạo, chuẩn hóa đúng tỷ lệ và tích hợp vào dữ liệu Winterfrost."
NGUOI-064,Work Life chi tiết,Trần Gia Bảo — Backend Engineer,Gia-Bao-Backend-Engineer-1024x1024.jpg,https://image.homenest.com.vn/wp-content/uploads/2026/03/22115917/Gia-Bao-Backend-Engineer-1024x1024.jpg,/mot-ngay-lam-viec-cua-mot-backend-engineer-tai-homenest — ảnh được lấy động từ website hiện tại,public/images/people/work-life-chi-tiet/tran-gia-bao-backend-engineer.webp,Tối thiểu 1600 × 1600 px (1:1),WebP chất lượng 82–88,DA_TAO_VA_TICH_HOP,"Ảnh người Việt đã tạo, chuẩn hóa đúng tỷ lệ và tích hợp vào dữ liệu Winterfrost."
NGUOI-065,Work Life chi tiết,Bắt đầu ngày làm việc của Backend Engineer,Bat-dau-ngay-lam-viec-cua-Backend-Engieer-768x1024.jpg,https://image.homenest.com.vn/wp-content/uploads/2026/03/22115918/Bat-dau-ngay-lam-viec-cua-Backend-Engieer-768x1024.jpg,/mot-ngay-lam-viec-cua-mot-backend-engineer-tai-homenest — ảnh được lấy động từ website hiện tại,public/images/people/work-life-chi-tiet/bat-dau-ngay-lam-viec-backend.webp,Tối thiểu 1200 × 1600 px (3:4),WebP chất lượng 82–88,DA_TAO_VA_TICH_HOP,"Ảnh người Việt đã tạo, chuẩn hóa đúng tỷ lệ và tích hợp vào dữ liệu Winterfrost."
NGUOI-066,Work Life chi tiết,Quá trình làm việc của Backend Developer,Qua-trinh-lam-viec-cua-mot-Backend-Developer-768x1024.jpg,https://image.homenest.com.vn/wp-content/uploads/2026/03/22115916/Qua-trinh-lam-viec-cua-mot-Backend-Developer-768x1024.jpg,/mot-ngay-lam-viec-cua-mot-backend-engineer-tai-homenest — ảnh được lấy động từ website hiện tại,public/images/people/work-life-chi-tiet/qua-trinh-lam-viec-backend.webp,Tối thiểu 1200 × 1600 px (3:4),WebP chất lượng 82–88,DA_TAO_VA_TICH_HOP,"Ảnh người Việt đã tạo, chuẩn hóa đúng tỷ lệ và tích hợp vào dữ liệu Winterfrost."
NGUOI-067,Work Life chi tiết,Trao đổi công việc Backend,Trao-doi-trong-qua-trinh-lam-viec-cua-mot-Backend-1024x768.jpg,https://image.homenest.com.vn/wp-content/uploads/2026/03/22115916/Trao-doi-trong-qua-trinh-lam-viec-cua-mot-Backend-1024x768.jpg,/mot-ngay-lam-viec-cua-mot-backend-engineer-tai-homenest — ảnh được lấy động từ website hiện tại,public/images/people/work-life-chi-tiet/trao-doi-cong-viec-backend.webp,Tối thiểu 1600 × 1200 px (4:3),WebP chất lượng 82–88,DA_TAO_VA_TICH_HOP,"Ảnh người Việt đã tạo, chuẩn hóa đúng tỷ lệ và tích hợp vào dữ liệu Winterfrost."
NGUOI-068,Work Life chi tiết,Đội ngũ Software Engineer Winterfrost,Homenest-Software-Engineer-scaled-e1773732164739-2048x1396.jpg,https://image.homenest.com.vn/wp-content/uploads/2026/03/22115911/Homenest-Software-Engineer-scaled-e1773732164739-2048x1396.jpg,/mot-ngay-lam-viec-cua-mot-backend-engineer-tai-homenest — ảnh được lấy động từ website hiện tại,public/images/people/work-life-chi-tiet/doi-ngu-software-engineer-winterfrost.webp,Tối thiểu 2400 × 1600 px (3:2),WebP chất lượng 82–88,DA_TAO_VA_TICH_HOP,"Ảnh người Việt đã tạo, chuẩn hóa đúng tỷ lệ và tích hợp vào dữ liệu Winterfrost."
NGUOI-069,Work Life chi tiết,Tester Nguyễn Quốc Huy và Trần Thục Quyên,Tester-Anh-Quan-ben-trai-va-Tester-Thuc-Quyen-ben-phai-scaled.jpg,https://image.homenest.com.vn/wp-content/uploads/2026/07/Tester-Anh-Quan-ben-trai-va-Tester-Thuc-Quyen-ben-phai-scaled.jpg,/cong-viec-cua-tester-tai-homenest-viet-nam-se-lam-nhung-gi — ảnh được lấy động từ website hiện tại,public/images/people/work-life-chi-tiet/hai-chuyen-vien-kiem-thu.webp,Tối thiểu 1920 × 1080 px (16:9),WebP chất lượng 82–88,DA_TAO_VA_TICH_HOP,"Ảnh người Việt đã tạo, chuẩn hóa đúng tỷ lệ và tích hợp vào dữ liệu Winterfrost."
NGUOI-070,Work Life chi tiết,Họp nhóm đầu ngày — Kiểm thử phần mềm,Hop-nhom-dau-ngay.jpg,https://image.homenest.com.vn/wp-content/uploads/2026/07/Hop-nhom-dau-ngay.jpg,/cong-viec-cua-tester-tai-homenest-viet-nam-se-lam-nhung-gi — ảnh được lấy động từ website hiện tại,public/images/people/work-life-chi-tiet/hop-nhom-dau-ngay-kiem-thu.webp,Tối thiểu 1600 × 1600 px (1:1),WebP chất lượng 82–88,DA_TAO_VA_TICH_HOP,"Ảnh người Việt đã tạo, chuẩn hóa đúng tỷ lệ và tích hợp vào dữ liệu Winterfrost."
NGUOI-071,Work Life chi tiết,Kinh nghiệm dành cho Tester mới,Loi-khuyen-cho-cac-Tester-moi-scaled.jpg,https://image.homenest.com.vn/wp-content/uploads/2026/07/Loi-khuyen-cho-cac-Tester-moi-scaled.jpg,/cong-viec-cua-tester-tai-homenest-viet-nam-se-lam-nhung-gi — ảnh được lấy động từ website hiện tại,public/images/people/work-life-chi-tiet/kinh-nghiem-cho-tester-moi.webp,Tối thiểu 1600 × 1200 px (4:3),WebP chất lượng 82–88,DA_TAO_VA_TICH_HOP,"Ảnh người Việt đã tạo, chuẩn hóa đúng tỷ lệ và tích hợp vào dữ liệu Winterfrost."
NGUOI-072,Work Life chi tiết,Nguyễn Quốc Huy — Software Tester,Loi-nhan-tu-Anh-Quan.jpg,https://image.homenest.com.vn/wp-content/uploads/2026/07/Loi-nhan-tu-Anh-Quan.jpg,/cong-viec-cua-tester-tai-homenest-viet-nam-se-lam-nhung-gi — ảnh được lấy động từ website hiện tại,public/images/people/work-life-chi-tiet/nguyen-quoc-huy-tester.webp,Tối thiểu 1600 × 1600 px (1:1),WebP chất lượng 82–88,DA_TAO_VA_TICH_HOP,"Ảnh người Việt đã tạo, chuẩn hóa đúng tỷ lệ và tích hợp vào dữ liệu Winterfrost."
NGUOI-073,Work Life chi tiết,Trần Thục Quyên — Software Tester,Loi-nhan-tu-Thuc-Quyen.jpg,https://image.homenest.com.vn/wp-content/uploads/2026/07/Loi-nhan-tu-Thuc-Quyen.jpg,/cong-viec-cua-tester-tai-homenest-viet-nam-se-lam-nhung-gi — ảnh được lấy động từ website hiện tại,public/images/people/work-life-chi-tiet/tran-thuc-quyen-tester.webp,Tối thiểu 1600 × 1600 px (1:1),WebP chất lượng 82–88,DA_TAO_VA_TICH_HOP,"Ảnh người Việt đã tạo, chuẩn hóa đúng tỷ lệ và tích hợp vào dữ liệu Winterfrost."
NGUOI-074,Work Life chi tiết,Võ Tuấn Tài và Lê Minh Khương — Business Analyst,Vo-Van-Tu-Tai-ben-trai-va-Hua-Minh-Khuong-ben-phai.jpg,https://image.homenest.com.vn/wp-content/uploads/2026/07/Vo-Van-Tu-Tai-ben-trai-va-Hua-Minh-Khuong-ben-phai.jpg,/mot-ngay-lam-viec-cua-ba-tai-homenest-viet-nam — ảnh được lấy động từ website hiện tại,public/images/people/work-life-chi-tiet/hai-chuyen-vien-ba.webp,Tối thiểu 1600 × 1600 px (1:1),WebP chất lượng 82–88,DA_TAO_VA_TICH_HOP,"Ảnh người Việt đã tạo, chuẩn hóa đúng tỷ lệ và tích hợp vào dữ liệu Winterfrost."
NGUOI-075,Work Life chi tiết,Business Analyst họp dự án,BA-dang-hop-du-an.jpg,https://image.homenest.com.vn/wp-content/uploads/2026/07/BA-dang-hop-du-an.jpg,/mot-ngay-lam-viec-cua-ba-tai-homenest-viet-nam — ảnh được lấy động từ website hiện tại,public/images/people/work-life-chi-tiet/ba-hop-du-an.webp,Tối thiểu 1600 × 1600 px (1:1),WebP chất lượng 82–88,DA_TAO_VA_TICH_HOP,"Ảnh người Việt đã tạo, chuẩn hóa đúng tỷ lệ và tích hợp vào dữ liệu Winterfrost."
NGUOI-076,Work Life chi tiết,Lê Minh Khương — Business Analyst,Cong-viec-BA-cua-Hua-Minh-Khuong.jpg,https://image.homenest.com.vn/wp-content/uploads/2026/07/Cong-viec-BA-cua-Hua-Minh-Khuong.jpg,/mot-ngay-lam-viec-cua-ba-tai-homenest-viet-nam — ảnh được lấy động từ website hiện tại,public/images/people/work-life-chi-tiet/le-minh-khuong-business-analyst.webp,Tối thiểu 1600 × 1600 px (1:1),WebP chất lượng 82–88,DA_TAO_VA_TICH_HOP,"Ảnh người Việt đã tạo, chuẩn hóa đúng tỷ lệ và tích hợp vào dữ liệu Winterfrost."
NGUOI-077,Work Life chi tiết,Võ Tuấn Tài — Business Analyst,Cong-viec-BA-cua-Vo-Van-Tu-Tai.jpg,https://image.homenest.com.vn/wp-content/uploads/2026/07/Cong-viec-BA-cua-Vo-Van-Tu-Tai.jpg,/mot-ngay-lam-viec-cua-ba-tai-homenest-viet-nam — ảnh được lấy động từ website hiện tại,public/images/people/work-life-chi-tiet/vo-tuan-tai-business-analyst.webp,Tối thiểu 1600 × 1600 px (1:1),WebP chất lượng 82–88,DA_TAO_VA_TICH_HOP,"Ảnh người Việt đã tạo, chuẩn hóa đúng tỷ lệ và tích hợp vào dữ liệu Winterfrost."
NGUOI-078,Work Life chi tiết,Kinh nghiệm dành cho Business Analyst mới,Loi-khuyen-danh-cho-cac-ban-moi.jpg,https://image.homenest.com.vn/wp-content/uploads/2026/07/Loi-khuyen-danh-cho-cac-ban-moi.jpg,/mot-ngay-lam-viec-cua-ba-tai-homenest-viet-nam — ảnh được lấy động từ website hiện tại,public/images/people/work-life-chi-tiet/kinh-nghiem-cho-ba-moi.webp,Tối thiểu 1600 × 1600 px (1:1),WebP chất lượng 82–88,DA_TAO_VA_TICH_HOP,"Ảnh người Việt đã tạo, chuẩn hóa đúng tỷ lệ và tích hợp vào dữ liệu Winterfrost."
NGUOI-079,Work Life chi tiết,Nguyễn Gia Bảo — Flutter Developer,Vo-Ngoc-Gia-Bao-Flutter-Developer-tai-HomeNest-Viet-Nam.jpg,https://image.homenest.com.vn/wp-content/uploads/2026/06/Vo-Ngoc-Gia-Bao-Flutter-Developer-tai-HomeNest-Viet-Nam.jpg,/mot-ngay-lam-viec-cua-flutter-developer-se-nhu-the-nao — ảnh được lấy động từ website hiện tại,public/images/people/work-life-chi-tiet/nguyen-gia-bao-flutter-developer.webp,Tối thiểu 1600 × 1600 px (1:1),WebP chất lượng 82–88,DA_TAO_VA_TICH_HOP,"Ảnh người Việt đã tạo, chuẩn hóa đúng tỷ lệ và tích hợp vào dữ liệu Winterfrost."
NGUOI-080,Work Life chi tiết,Một ngày làm việc của Flutter Developer,Mot-ngay-lam-viec-cua-Flutter-Developer-tai-HomeNest-Viet-Nam.jpg,https://image.homenest.com.vn/wp-content/uploads/2026/06/Mot-ngay-lam-viec-cua-Flutter-Developer-tai-HomeNest-Viet-Nam.jpg,/mot-ngay-lam-viec-cua-flutter-developer-se-nhu-the-nao — ảnh được lấy động từ website hiện tại,public/images/people/work-life-chi-tiet/mot-ngay-flutter-developer.webp,Tối thiểu 1600 × 1600 px (1:1),WebP chất lượng 82–88,DA_TAO_VA_TICH_HOP,"Ảnh người Việt đã tạo, chuẩn hóa đúng tỷ lệ và tích hợp vào dữ liệu Winterfrost."
