id,project_slug,project_name,role,current_filename,current_url,recommended_filename,required_size,required_format,status,notes
DUAN-001,website-pixelnova-media,Website PixelNova Media,Ảnh bìa dự án,Giao-dien-trang-chu-Song-Quan-Ads-Case-Study.jpg,https://image.homenest.com.vn/wp-content/uploads/2026/04/Giao-dien-trang-chu-Song-Quan-Ads-Case-Study.jpg,public/images/projects/website-pixelnova-media/01-anh-bia-du-an.webp,1920 × 1080 px (16:9),WebP chất lượng 82–88,DA_REBRAND_VA_TICH_HOP,"Giữ nội dung chính trong vùng an toàn trung tâm để còn cắt 4:3. Đã dựng lại giao diện PixelNova Media, che hoàn toàn nhận diện cũ và giữ nguyên kích thước ảnh gốc."
DUAN-002,website-pixelnova-media,Website PixelNova Media,Màn hình website,Giao-dien-du-an-Song-Quan-Ads-Case-Study.jpg,https://image.homenest.com.vn/wp-content/uploads/2026/04/Giao-dien-du-an-Song-Quan-Ads-Case-Study.jpg,public/images/projects/website-pixelnova-media/02-man-hinh-website.webp,"Tối thiểu 1440 px chiều rộng, giữ chiều cao trang gốc",WebP chất lượng 82–88,DA_REBRAND_VA_TICH_HOP,"Đã dựng lại giao diện PixelNova Media, che hoàn toàn nhận diện cũ và giữ nguyên kích thước ảnh gốc."
DUAN-003,website-pixelnova-media,Website PixelNova Media,Màn hình website,Giao-dien-trai-nghiem-Song-Quan-Ads-Case-Study.jpg,https://image.homenest.com.vn/wp-content/uploads/2026/04/Giao-dien-trai-nghiem-Song-Quan-Ads-Case-Study.jpg,public/images/projects/website-pixelnova-media/03-man-hinh-website.webp,"Tối thiểu 1440 px chiều rộng, giữ chiều cao trang gốc",WebP chất lượng 82–88,DA_REBRAND_VA_TICH_HOP,"Đã dựng lại giao diện PixelNova Media, che hoàn toàn nhận diện cũ và giữ nguyên kích thước ảnh gốc."
DUAN-004,website-pixelnova-media,Website PixelNova Media,Màn hình website,Tin-tuc-Song-Quan-Ads-Case-Study.jpg,https://image.homenest.com.vn/wp-content/uploads/2026/04/Tin-tuc-Song-Quan-Ads-Case-Study.jpg,public/images/projects/website-pixelnova-media/04-man-hinh-website.webp,"Tối thiểu 1440 px chiều rộng, giữ chiều cao trang gốc",WebP chất lượng 82–88,DA_REBRAND_VA_TICH_HOP,"Đã dựng lại giao diện PixelNova Media, che hoàn toàn nhận diện cũ và giữ nguyên kích thước ảnh gốc."
DUAN-005,website-pixelnova-media,Website PixelNova Media,Màn hình website,Trang-chu-Song-Quan-Ads-Case-Study.jpg,https://image.homenest.com.vn/wp-content/uploads/2026/04/Trang-chu-Song-Quan-Ads-Case-Study.jpg,public/images/projects/website-pixelnova-media/05-man-hinh-website.webp,"Tối thiểu 1440 px chiều rộng, giữ chiều cao trang gốc",WebP chất lượng 82–88,DA_REBRAND_VA_TICH_HOP,"Đã dựng lại giao diện PixelNova Media, che hoàn toàn nhận diện cũ và giữ nguyên kích thước ảnh gốc."
DUAN-006,website-pixelnova-media,Website PixelNova Media,Màn hình website,du-an-Song-Quan-Ads-Case-Study.jpg,https://image.homenest.com.vn/wp-content/uploads/2026/04/du-an-Song-Quan-Ads-Case-Study.jpg,public/images/projects/website-pixelnova-media/06-man-hinh-website.webp,"Tối thiểu 1440 px chiều rộng, giữ chiều cao trang gốc",WebP chất lượng 82–88,DA_REBRAND_VA_TICH_HOP,"Đã dựng lại giao diện PixelNova Media, che hoàn toàn nhận diện cũ và giữ nguyên kích thước ảnh gốc."
DUAN-007,website-pixelnova-media,Website PixelNova Media,Màn hình website,Giao-dien-dich-vu-Song-Quan-Ads-Case-Study.jpg,https://image.homenest.com.vn/wp-content/uploads/2026/04/Giao-dien-dich-vu-Song-Quan-Ads-Case-Study.jpg,public/images/projects/website-pixelnova-media/07-man-hinh-website.webp,"Tối thiểu 1440 px chiều rộng, giữ chiều cao trang gốc",WebP chất lượng 82–88,DA_REBRAND_VA_TICH_HOP,"Đã dựng lại giao diện PixelNova Media, che hoàn toàn nhận diện cũ và giữ nguyên kích thước ảnh gốc."
DUAN-008,website-mocvan-tea,Website Mocvan Tea,Ảnh bìa dự án,giao-dien-Nuage-Sauvage-case-study.jpg,https://image.homenest.com.vn/wp-content/uploads/2026/04/giao-dien-Nuage-Sauvage-case-study.jpg,public/images/projects/website-mocvan-tea/01-anh-bia-du-an.webp,1920 × 1080 px (16:9),WebP chất lượng 82–88,DA_REBRAND_VA_TICH_HOP,"Giữ nội dung chính trong vùng an toàn trung tâm để còn cắt 4:3. Đã dựng lại giao diện Mocvan Tea, che hoàn toàn nhận diện cũ và giữ nguyên kích thước ảnh gốc."
DUAN-009,website-mocvan-tea,Website Mocvan Tea,Màn hình website,Giao-dien-blog-Nuage-Sauvage-Case-Study.jpg,https://image.homenest.com.vn/wp-content/uploads/2026/04/Giao-dien-blog-Nuage-Sauvage-Case-Study.jpg,public/images/projects/website-mocvan-tea/02-man-hinh-website.webp,"Tối thiểu 1440 px chiều rộng, giữ chiều cao trang gốc",WebP chất lượng 82–88,DA_REBRAND_VA_TICH_HOP,"Đã dựng lại giao diện Mocvan Tea, che hoàn toàn nhận diện cũ và giữ nguyên kích thước ảnh gốc."
DUAN-010,website-mocvan-tea,Website Mocvan Tea,Màn hình website,giao-dien-hoi-thao-Nuage-Sauvage-Case-Study.jpg,https://image.homenest.com.vn/wp-content/uploads/2026/04/giao-dien-hoi-thao-Nuage-Sauvage-Case-Study.jpg,public/images/projects/website-mocvan-tea/03-man-hinh-website.webp,"Tối thiểu 1440 px chiều rộng, giữ chiều cao trang gốc",WebP chất lượng 82–88,DA_REBRAND_VA_TICH_HOP,"Đã dựng lại giao diện Mocvan Tea, che hoàn toàn nhận diện cũ và giữ nguyên kích thước ảnh gốc."
DUAN-011,website-mocvan-tea,Website Mocvan Tea,Màn hình website,Giao-dien-Tra-Nuage-Sauvage-Case-Study.jpg,https://image.homenest.com.vn/wp-content/uploads/2026/04/Giao-dien-Tra-Nuage-Sauvage-Case-Study.jpg,public/images/projects/website-mocvan-tea/04-man-hinh-website.webp,"Tối thiểu 1440 px chiều rộng, giữ chiều cao trang gốc",WebP chất lượng 82–88,DA_REBRAND_VA_TICH_HOP,"Đã dựng lại giao diện Mocvan Tea, che hoàn toàn nhận diện cũ và giữ nguyên kích thước ảnh gốc."
DUAN-012,website-mocvan-tea,Website Mocvan Tea,Màn hình website,Trang-chu-Nuage-Sauvage-Case-Study.jpg,https://image.homenest.com.vn/wp-content/uploads/2026/04/Trang-chu-Nuage-Sauvage-Case-Study.jpg,public/images/projects/website-mocvan-tea/05-man-hinh-website.webp,"Tối thiểu 1440 px chiều rộng, giữ chiều cao trang gốc",WebP chất lượng 82–88,DA_REBRAND_VA_TICH_HOP,"Đã dựng lại giao diện Mocvan Tea, che hoàn toàn nhận diện cũ và giữ nguyên kích thước ảnh gốc."
DUAN-013,website-mocvan-tea,Website Mocvan Tea,Màn hình website,Giao-dien-ban-sac-cua-Nuage-Sauvage-Case-Study.jpg,https://image.homenest.com.vn/wp-content/uploads/2026/04/Giao-dien-ban-sac-cua-Nuage-Sauvage-Case-Study.jpg,public/images/projects/website-mocvan-tea/06-man-hinh-website.webp,"Tối thiểu 1440 px chiều rộng, giữ chiều cao trang gốc",WebP chất lượng 82–88,DA_REBRAND_VA_TICH_HOP,"Đã dựng lại giao diện Mocvan Tea, che hoàn toàn nhận diện cũ và giữ nguyên kích thước ảnh gốc."
DUAN-014,website-mocvan-tea,Website Mocvan Tea,Màn hình website,Giao-dien-Nuage-Sauvage-Case-Study-1.jpg,https://image.homenest.com.vn/wp-content/uploads/2026/04/Giao-dien-Nuage-Sauvage-Case-Study-1.jpg,public/images/projects/website-mocvan-tea/07-man-hinh-website.webp,"Tối thiểu 1440 px chiều rộng, giữ chiều cao trang gốc",WebP chất lượng 82–88,DA_REBRAND_VA_TICH_HOP,"Đã dựng lại giao diện Mocvan Tea, che hoàn toàn nhận diện cũ và giữ nguyên kích thước ảnh gốc."
DUAN-015,aeromint-cleanroom,Aeromint Cleanroom,Ảnh bìa dự án,giao-dien-Peace-Viet-Nam-case-study.jpg,https://image.homenest.com.vn/wp-content/uploads/2026/04/giao-dien-Peace-Viet-Nam-case-study.jpg,public/images/projects/aeromint-cleanroom/01-anh-bia-du-an.webp,1920 × 1080 px (16:9),WebP chất lượng 82–88,DA_REBRAND_VA_TICH_HOP,"Giữ nội dung chính trong vùng an toàn trung tâm để còn cắt 4:3. Đã dựng lại giao diện Aeromint, che hoàn toàn nhận diện cũ và giữ nguyên kích thước ảnh gốc."
DUAN-016,aeromint-cleanroom,Aeromint Cleanroom,Màn hình website,giao-dien-thu-vien-anh-Peace-Vietnam-Case-Study.jpg,https://image.homenest.com.vn/wp-content/uploads/2026/04/giao-dien-thu-vien-anh-Peace-Vietnam-Case-Study.jpg,public/images/projects/aeromint-cleanroom/02-man-hinh-website.webp,"Tối thiểu 1440 px chiều rộng, giữ chiều cao trang gốc",WebP chất lượng 82–88,DA_REBRAND_VA_TICH_HOP,"Đã dựng lại giao diện Aeromint, che hoàn toàn nhận diện cũ và giữ nguyên kích thước ảnh gốc."
DUAN-017,aeromint-cleanroom,Aeromint Cleanroom,Màn hình website,Giao-dien-tin-tuc-Peace-Case-Study.jpg,https://image.homenest.com.vn/wp-content/uploads/2026/04/Giao-dien-tin-tuc-Peace-Case-Study.jpg,public/images/projects/aeromint-cleanroom/03-man-hinh-website.webp,"Tối thiểu 1440 px chiều rộng, giữ chiều cao trang gốc",WebP chất lượng 82–88,DA_REBRAND_VA_TICH_HOP,"Đã dựng lại giao diện Aeromint, che hoàn toàn nhận diện cũ và giữ nguyên kích thước ảnh gốc."
DUAN-018,aeromint-cleanroom,Aeromint Cleanroom,Màn hình website,Giao-dien-trang-chu-Peace-Case-Study.jpg,https://image.homenest.com.vn/wp-content/uploads/2026/04/Giao-dien-trang-chu-Peace-Case-Study.jpg,public/images/projects/aeromint-cleanroom/04-man-hinh-website.webp,"Tối thiểu 1440 px chiều rộng, giữ chiều cao trang gốc",WebP chất lượng 82–88,DA_REBRAND_VA_TICH_HOP,"Đã dựng lại giao diện Aeromint, che hoàn toàn nhận diện cũ và giữ nguyên kích thước ảnh gốc."
DUAN-019,aeromint-cleanroom,Aeromint Cleanroom,Màn hình website,thiet-bi-phong-sach-Peace-Vietnam-Case-Study.jpg,https://image.homenest.com.vn/wp-content/uploads/2026/04/thiet-bi-phong-sach-Peace-Vietnam-Case-Study.jpg,public/images/projects/aeromint-cleanroom/05-man-hinh-website.webp,"Tối thiểu 1440 px chiều rộng, giữ chiều cao trang gốc",WebP chất lượng 82–88,DA_REBRAND_VA_TICH_HOP,"Đã dựng lại giao diện Aeromint, che hoàn toàn nhận diện cũ và giữ nguyên kích thước ảnh gốc."
DUAN-020,aeromint-cleanroom,Aeromint Cleanroom,Màn hình website,giao-dien-lien-he-Peace-Case-Study.jpg,https://image.homenest.com.vn/wp-content/uploads/2026/04/giao-dien-lien-he-Peace-Case-Study.jpg,public/images/projects/aeromint-cleanroom/06-man-hinh-website.webp,"Tối thiểu 1440 px chiều rộng, giữ chiều cao trang gốc",WebP chất lượng 82–88,DA_REBRAND_VA_TICH_HOP,"Đã dựng lại giao diện Aeromint, che hoàn toàn nhận diện cũ và giữ nguyên kích thước ảnh gốc."
DUAN-021,aeromint-cleanroom,Aeromint Cleanroom,Màn hình website,Giao-dien-san-pham-Peace-Case-Study.jpg,https://image.homenest.com.vn/wp-content/uploads/2026/04/Giao-dien-san-pham-Peace-Case-Study.jpg,public/images/projects/aeromint-cleanroom/07-man-hinh-website.webp,"Tối thiểu 1440 px chiều rộng, giữ chiều cao trang gốc",WebP chất lượng 82–88,DA_REBRAND_VA_TICH_HOP,"Đã dựng lại giao diện Aeromint, che hoàn toàn nhận diện cũ và giữ nguyên kích thước ảnh gốc."
DUAN-022,app-nivora-connect,App Nivora Connect,Ảnh bìa dự án,Giao-dien-Vietplus-case-study.jpg,https://image.homenest.com.vn/wp-content/uploads/2026/04/Giao-dien-Vietplus-case-study.jpg,public/images/projects/nivora-connect/01-cover.webp,1920 × 1080 px (16:9),WebP chất lượng 82–88,DA_TAO_VA_TICH_HOP,Đã tạo bộ giao diện Nivora Connect mới và tích hợp.
DUAN-023,app-nivora-connect,App Nivora Connect,Màn hình ứng dụng,Giao-dien-tin-nhan-cua-Vietplus-case-study.jpg,https://image.homenest.com.vn/wp-content/uploads/2026/04/Giao-dien-tin-nhan-cua-Vietplus-case-study.jpg,public/images/projects/nivora-connect/02-messaging.webp,"Tối thiểu 1080 px chiều rộng, giữ tỷ lệ màn hình gốc",WebP chất lượng 82–88,DA_TAO_VA_TICH_HOP,Đã tạo bộ giao diện Nivora Connect mới và tích hợp.
DUAN-024,app-nivora-connect,App Nivora Connect,Màn hình ứng dụng,Giao-dien-Housing-cua-Vietplus-case-study.jpg,https://image.homenest.com.vn/wp-content/uploads/2026/04/Giao-dien-Housing-cua-Vietplus-case-study.jpg,public/images/projects/nivora-connect/03-housing.webp,"Tối thiểu 1080 px chiều rộng, giữ tỷ lệ màn hình gốc",WebP chất lượng 82–88,DA_TAO_VA_TICH_HOP,Đã tạo bộ giao diện Nivora Connect mới và tích hợp.
DUAN-025,app-nivora-connect,App Nivora Connect,Màn hình ứng dụng,Giao-dien-dang-nhap-Vietplus-case-study.jpg,https://image.homenest.com.vn/wp-content/uploads/2026/04/Giao-dien-dang-nhap-Vietplus-case-study.jpg,public/images/projects/nivora-connect/04-login.webp,"Tối thiểu 1080 px chiều rộng, giữ tỷ lệ màn hình gốc",WebP chất lượng 82–88,DA_TAO_VA_TICH_HOP,Đã tạo bộ giao diện Nivora Connect mới và tích hợp.
DUAN-026,app-nivora-connect,App Nivora Connect,Màn hình ứng dụng,Giao-dien-trang-chu-cua-Vietplus-case-study.jpg,https://image.homenest.com.vn/wp-content/uploads/2026/04/Giao-dien-trang-chu-cua-Vietplus-case-study.jpg,public/images/projects/nivora-connect/05-home.webp,"Tối thiểu 1080 px chiều rộng, giữ tỷ lệ màn hình gốc",WebP chất lượng 82–88,DA_TAO_VA_TICH_HOP,Đã tạo bộ giao diện Nivora Connect mới và tích hợp.
DUAN-027,app-nivora-connect,App Nivora Connect,Màn hình ứng dụng,Giao-dien-cua-Vietplus-case-study.jpg,https://image.homenest.com.vn/wp-content/uploads/2026/04/Giao-dien-cua-Vietplus-case-study.jpg,public/images/projects/nivora-connect/06-community.webp,"Tối thiểu 1080 px chiều rộng, giữ tỷ lệ màn hình gốc",WebP chất lượng 82–88,DA_TAO_VA_TICH_HOP,Đã tạo bộ giao diện Nivora Connect mới và tích hợp.
DUAN-028,app-grevia-lawn,App Grevia Lawn,Ảnh bìa dự án,giao-dien-lovers-lawn-case-study.jpg,https://image.homenest.com.vn/wp-content/uploads/2026/04/giao-dien-lovers-lawn-case-study.jpg,public/images/projects/app-grevia-lawn/01-anh-bia-du-an.webp,1920 × 1080 px (16:9),WebP chất lượng 82–88,DA_REBRAND_VA_TICH_HOP,"Giữ nội dung chính trong vùng an toàn trung tâm để còn cắt 4:3. Đã dựng lại giao diện Grevia Lawn, che hoàn toàn nhận diện cũ và giữ nguyên kích thước ảnh gốc."
DUAN-029,app-grevia-lawn,App Grevia Lawn,Màn hình ứng dụng,Giao-dien-ho-so-cua-Lovers-Lawn-case-study.jpg,https://image.homenest.com.vn/wp-content/uploads/2026/04/Giao-dien-ho-so-cua-Lovers-Lawn-case-study.jpg,public/images/projects/app-grevia-lawn/02-man-hinh-ung-dung.webp,"Tối thiểu 1080 px chiều rộng, giữ tỷ lệ màn hình gốc",WebP chất lượng 82–88,DA_REBRAND_VA_TICH_HOP,"Đã dựng lại giao diện Grevia Lawn, che hoàn toàn nhận diện cũ và giữ nguyên kích thước ảnh gốc."
DUAN-030,app-grevia-lawn,App Grevia Lawn,Màn hình ứng dụng,Giao-dien-dich-vu-cua-Lovers-Lawn-case-study.jpg,https://image.homenest.com.vn/wp-content/uploads/2026/04/Giao-dien-dich-vu-cua-Lovers-Lawn-case-study.jpg,public/images/projects/app-grevia-lawn/03-man-hinh-ung-dung.webp,"Tối thiểu 1080 px chiều rộng, giữ tỷ lệ màn hình gốc",WebP chất lượng 82–88,DA_REBRAND_VA_TICH_HOP,"Đã dựng lại giao diện Grevia Lawn, che hoàn toàn nhận diện cũ và giữ nguyên kích thước ảnh gốc."
DUAN-031,app-grevia-lawn,App Grevia Lawn,Màn hình ứng dụng,Giao-dien-dat-lich-cua-Lovers-Lawn-case-study.jpg,https://image.homenest.com.vn/wp-content/uploads/2026/04/Giao-dien-dat-lich-cua-Lovers-Lawn-case-study.jpg,public/images/projects/app-grevia-lawn/04-man-hinh-ung-dung.webp,"Tối thiểu 1080 px chiều rộng, giữ tỷ lệ màn hình gốc",WebP chất lượng 82–88,DA_REBRAND_VA_TICH_HOP,"Đã dựng lại giao diện Grevia Lawn, che hoàn toàn nhận diện cũ và giữ nguyên kích thước ảnh gốc."
DUAN-032,app-grevia-lawn,App Grevia Lawn,Màn hình ứng dụng,Giao-dien-trang-chu-cua-Lovers-Lawn-case-study.jpg,https://image.homenest.com.vn/wp-content/uploads/2026/04/Giao-dien-trang-chu-cua-Lovers-Lawn-case-study.jpg,public/images/projects/app-grevia-lawn/05-man-hinh-ung-dung.webp,"Tối thiểu 1080 px chiều rộng, giữ tỷ lệ màn hình gốc",WebP chất lượng 82–88,DA_REBRAND_VA_TICH_HOP,"Đã dựng lại giao diện Grevia Lawn, che hoàn toàn nhận diện cũ và giữ nguyên kích thước ảnh gốc."
DUAN-033,app-grevia-lawn,App Grevia Lawn,Màn hình ứng dụng,Giao-dien-ho-tro-cua-Lovers-Lawn-case-study.jpg,https://image.homenest.com.vn/wp-content/uploads/2026/04/Giao-dien-ho-tro-cua-Lovers-Lawn-case-study.jpg,public/images/projects/app-grevia-lawn/06-man-hinh-ung-dung.webp,"Tối thiểu 1080 px chiều rộng, giữ tỷ lệ màn hình gốc",WebP chất lượng 82–88,DA_REBRAND_VA_TICH_HOP,"Đã dựng lại giao diện Grevia Lawn, che hoàn toàn nhận diện cũ và giữ nguyên kích thước ảnh gốc."
DUAN-034,website-loomora-rugs,Website Loomora Rugs,Ảnh bìa dự án,Giao-dien-trang-chu-Hang-kenh-Case-study.jpg,https://image.homenest.com.vn/wp-content/uploads/2026/04/Giao-dien-trang-chu-Hang-kenh-Case-study.jpg,public/images/projects/website-loomora-rugs/01-anh-bia-du-an.webp,1920 × 1080 px (16:9),WebP chất lượng 82–88,DA_REBRAND_VA_TICH_HOP,"Giữ nội dung chính trong vùng an toàn trung tâm để còn cắt 4:3. Đã dựng lại giao diện Loomora Rugs, che hoàn toàn nhận diện cũ và giữ nguyên kích thước ảnh gốc."
DUAN-035,website-loomora-rugs,Website Loomora Rugs,Màn hình website,Giao-dien-tham-Decor-Hang-Kenh-case-study.jpg,https://image.homenest.com.vn/wp-content/uploads/2026/04/Giao-dien-tham-Decor-Hang-Kenh-case-study.jpg,public/images/projects/website-loomora-rugs/02-man-hinh-website.webp,"Tối thiểu 1440 px chiều rộng, giữ chiều cao trang gốc",WebP chất lượng 82–88,DA_REBRAND_VA_TICH_HOP,"Đã dựng lại giao diện Loomora Rugs, che hoàn toàn nhận diện cũ và giữ nguyên kích thước ảnh gốc."
DUAN-036,website-loomora-rugs,Website Loomora Rugs,Màn hình website,Giao-dien-tham-du-thuyen-Hang-Kenh-case-study.jpg,https://image.homenest.com.vn/wp-content/uploads/2026/04/Giao-dien-tham-du-thuyen-Hang-Kenh-case-study.jpg,public/images/projects/website-loomora-rugs/03-man-hinh-website.webp,"Tối thiểu 1440 px chiều rộng, giữ chiều cao trang gốc",WebP chất lượng 82–88,DA_REBRAND_VA_TICH_HOP,"Đã dựng lại giao diện Loomora Rugs, che hoàn toàn nhận diện cũ và giữ nguyên kích thước ảnh gốc."
DUAN-037,website-loomora-rugs,Website Loomora Rugs,Màn hình website,Giao-dien-tham-khach-san-Hang-Kenh-case-study.jpg,https://image.homenest.com.vn/wp-content/uploads/2026/04/Giao-dien-tham-khach-san-Hang-Kenh-case-study.jpg,public/images/projects/website-loomora-rugs/04-man-hinh-website.webp,"Tối thiểu 1440 px chiều rộng, giữ chiều cao trang gốc",WebP chất lượng 82–88,DA_REBRAND_VA_TICH_HOP,"Đã dựng lại giao diện Loomora Rugs, che hoàn toàn nhận diện cũ và giữ nguyên kích thước ảnh gốc."
DUAN-038,website-loomora-rugs,Website Loomora Rugs,Màn hình website,Trang-chu-Hang-Kenh-case-study.jpg,https://image.homenest.com.vn/wp-content/uploads/2026/04/Trang-chu-Hang-Kenh-case-study.jpg,public/images/projects/website-loomora-rugs/05-man-hinh-website.webp,"Tối thiểu 1440 px chiều rộng, giữ chiều cao trang gốc",WebP chất lượng 82–88,DA_REBRAND_VA_TICH_HOP,"Đã dựng lại giao diện Loomora Rugs, che hoàn toàn nhận diện cũ và giữ nguyên kích thước ảnh gốc."
DUAN-039,website-loomora-rugs,Website Loomora Rugs,Màn hình website,Giao-dien-tham-tranh-Hang-Kenh-case-study.jpg,https://image.homenest.com.vn/wp-content/uploads/2026/04/Giao-dien-tham-tranh-Hang-Kenh-case-study.jpg,public/images/projects/website-loomora-rugs/06-man-hinh-website.webp,"Tối thiểu 1440 px chiều rộng, giữ chiều cao trang gốc",WebP chất lượng 82–88,DA_REBRAND_VA_TICH_HOP,"Đã dựng lại giao diện Loomora Rugs, che hoàn toàn nhận diện cũ và giữ nguyên kích thước ảnh gốc."
DUAN-040,website-loomora-rugs,Website Loomora Rugs,Màn hình website,Tham-Decor-Hang-Kenh-case-study.jpg,https://image.homenest.com.vn/wp-content/uploads/2026/04/Tham-Decor-Hang-Kenh-case-study.jpg,public/images/projects/website-loomora-rugs/07-man-hinh-website.webp,"Tối thiểu 1440 px chiều rộng, giữ chiều cao trang gốc",WebP chất lượng 82–88,DA_REBRAND_VA_TICH_HOP,"Đã dựng lại giao diện Loomora Rugs, che hoàn toàn nhận diện cũ và giữ nguyên kích thước ảnh gốc."
DUAN-041,website-chromiva-coatings,Website Chromiva Coatings,Ảnh bìa dự án,Giao-dien-trang-chu-Paint-and-More-Case-study.jpg,https://image.homenest.com.vn/wp-content/uploads/2026/04/Giao-dien-trang-chu-Paint-and-More-Case-study.jpg,public/images/projects/website-chromiva-coatings/01-anh-bia-du-an.webp,1920 × 1080 px (16:9),WebP chất lượng 82–88,DA_REBRAND_VA_TICH_HOP,"Giữ nội dung chính trong vùng an toàn trung tâm để còn cắt 4:3. Đã dựng lại giao diện Chromiva Coatings, che hoàn toàn nhận diện cũ và giữ nguyên kích thước ảnh gốc."
DUAN-042,website-chromiva-coatings,Website Chromiva Coatings,Màn hình website,Giao-dien-bang-mau-Paint-and-More-case-study.jpg,https://image.homenest.com.vn/wp-content/uploads/2026/04/Giao-dien-bang-mau-Paint-and-More-case-study.jpg,public/images/projects/website-chromiva-coatings/02-man-hinh-website.webp,"Tối thiểu 1440 px chiều rộng, giữ chiều cao trang gốc",WebP chất lượng 82–88,DA_REBRAND_VA_TICH_HOP,"Đã dựng lại giao diện Chromiva Coatings, che hoàn toàn nhận diện cũ và giữ nguyên kích thước ảnh gốc."
DUAN-043,website-chromiva-coatings,Website Chromiva Coatings,Màn hình website,giao-dien-son-Paint-and-More-case-study.jpg,https://image.homenest.com.vn/wp-content/uploads/2026/04/giao-dien-son-Paint-and-More-case-study.jpg,public/images/projects/website-chromiva-coatings/03-man-hinh-website.webp,"Tối thiểu 1440 px chiều rộng, giữ chiều cao trang gốc",WebP chất lượng 82–88,DA_REBRAND_VA_TICH_HOP,"Đã dựng lại giao diện Chromiva Coatings, che hoàn toàn nhận diện cũ và giữ nguyên kích thước ảnh gốc."
DUAN-044,website-chromiva-coatings,Website Chromiva Coatings,Màn hình website,San-pham-cua-Paint-and-More-case-study.jpg,https://image.homenest.com.vn/wp-content/uploads/2026/04/San-pham-cua-Paint-and-More-case-study.jpg,public/images/projects/website-chromiva-coatings/04-man-hinh-website.webp,"Tối thiểu 1440 px chiều rộng, giữ chiều cao trang gốc",WebP chất lượng 82–88,DA_REBRAND_VA_TICH_HOP,"Đã dựng lại giao diện Chromiva Coatings, che hoàn toàn nhận diện cũ và giữ nguyên kích thước ảnh gốc."
DUAN-045,website-chromiva-coatings,Website Chromiva Coatings,Màn hình website,Trang-chu-cua-Paint-and-More-case-study.jpg,https://image.homenest.com.vn/wp-content/uploads/2026/04/Trang-chu-cua-Paint-and-More-case-study.jpg,public/images/projects/website-chromiva-coatings/05-man-hinh-website.webp,"Tối thiểu 1440 px chiều rộng, giữ chiều cao trang gốc",WebP chất lượng 82–88,DA_REBRAND_VA_TICH_HOP,"Đã dựng lại giao diện Chromiva Coatings, che hoàn toàn nhận diện cũ và giữ nguyên kích thước ảnh gốc."
DUAN-046,website-chromiva-coatings,Website Chromiva Coatings,Màn hình website,Giao-dien-du-an-Paint-and-More-case-study.jpg,https://image.homenest.com.vn/wp-content/uploads/2026/04/Giao-dien-du-an-Paint-and-More-case-study.jpg,public/images/projects/website-chromiva-coatings/06-man-hinh-website.webp,"Tối thiểu 1440 px chiều rộng, giữ chiều cao trang gốc",WebP chất lượng 82–88,DA_REBRAND_VA_TICH_HOP,"Đã dựng lại giao diện Chromiva Coatings, che hoàn toàn nhận diện cũ và giữ nguyên kích thước ảnh gốc."
DUAN-047,website-chromiva-coatings,Website Chromiva Coatings,Màn hình website,Giao-dien-san-pham-Paint-and-More-case-study.jpg,https://image.homenest.com.vn/wp-content/uploads/2026/04/Giao-dien-san-pham-Paint-and-More-case-study.jpg,public/images/projects/website-chromiva-coatings/07-man-hinh-website.webp,"Tối thiểu 1440 px chiều rộng, giữ chiều cao trang gốc",WebP chất lượng 82–88,DA_REBRAND_VA_TICH_HOP,"Đã dựng lại giao diện Chromiva Coatings, che hoàn toàn nhận diện cũ và giữ nguyên kích thước ảnh gốc."
DUAN-048,website-verdora-property,Website Verdora Property,Ảnh bìa dự án,Giao-dien-Kim-Cuong-Xanh-case-study.jpg,https://image.homenest.com.vn/wp-content/uploads/2026/04/Giao-dien-Kim-Cuong-Xanh-case-study.jpg,public/images/projects/website-verdora-property/01-anh-bia-du-an.webp,1920 × 1080 px (16:9),WebP chất lượng 82–88,DA_REBRAND_VA_TICH_HOP,"Giữ nội dung chính trong vùng an toàn trung tâm để còn cắt 4:3. Đã dựng lại giao diện Verdora Property, che hoàn toàn nhận diện cũ và giữ nguyên kích thước ảnh gốc."
DUAN-049,website-verdora-property,Website Verdora Property,Màn hình website,Trang-chu-Kim-cuong-Xanh-case-study.jpg,https://image.homenest.com.vn/wp-content/uploads/2026/04/Trang-chu-Kim-cuong-Xanh-case-study.jpg,public/images/projects/website-verdora-property/02-man-hinh-website.webp,"Tối thiểu 1440 px chiều rộng, giữ chiều cao trang gốc",WebP chất lượng 82–88,DA_REBRAND_VA_TICH_HOP,"Đã dựng lại giao diện Verdora Property, che hoàn toàn nhận diện cũ và giữ nguyên kích thước ảnh gốc."
DUAN-050,website-verdora-property,Website Verdora Property,Màn hình website,Giao-dien-du-an-Kim-cuong-Xanh-case-study.jpg,https://image.homenest.com.vn/wp-content/uploads/2026/04/Giao-dien-du-an-Kim-cuong-Xanh-case-study.jpg,public/images/projects/website-verdora-property/03-man-hinh-website.webp,"Tối thiểu 1440 px chiều rộng, giữ chiều cao trang gốc",WebP chất lượng 82–88,DA_REBRAND_VA_TICH_HOP,"Đã dựng lại giao diện Verdora Property, che hoàn toàn nhận diện cũ và giữ nguyên kích thước ảnh gốc."
DUAN-051,website-verdora-property,Website Verdora Property,Màn hình website,Giao-dien-doi-ngu-Kim-cuong-Xanh-case-study.jpg,https://image.homenest.com.vn/wp-content/uploads/2026/04/Giao-dien-doi-ngu-Kim-cuong-Xanh-case-study.jpg,public/images/projects/website-verdora-property/04-man-hinh-website.webp,"Tối thiểu 1440 px chiều rộng, giữ chiều cao trang gốc",WebP chất lượng 82–88,DA_REBRAND_VA_TICH_HOP,"Đã dựng lại giao diện Verdora Property, che hoàn toàn nhận diện cũ và giữ nguyên kích thước ảnh gốc."
DUAN-052,website-verdora-property,Website Verdora Property,Màn hình website,Giao-dien-dich-vu-quan-ly-Kim-cuong-Xanh-case-study.jpg,https://image.homenest.com.vn/wp-content/uploads/2026/04/Giao-dien-dich-vu-quan-ly-Kim-cuong-Xanh-case-study.jpg,public/images/projects/website-verdora-property/05-man-hinh-website.webp,"Tối thiểu 1440 px chiều rộng, giữ chiều cao trang gốc",WebP chất lượng 82–88,DA_REBRAND_VA_TICH_HOP,"Đã dựng lại giao diện Verdora Property, che hoàn toàn nhận diện cũ và giữ nguyên kích thước ảnh gốc."
DUAN-053,website-verdora-property,Website Verdora Property,Màn hình website,Giao-dien-dich-vu-Kim-cuong-Xanh-case-study.jpg,https://image.homenest.com.vn/wp-content/uploads/2026/04/Giao-dien-dich-vu-Kim-cuong-Xanh-case-study.jpg,public/images/projects/website-verdora-property/06-man-hinh-website.webp,"Tối thiểu 1440 px chiều rộng, giữ chiều cao trang gốc",WebP chất lượng 82–88,DA_REBRAND_VA_TICH_HOP,"Đã dựng lại giao diện Verdora Property, che hoàn toàn nhận diện cũ và giữ nguyên kích thước ảnh gốc."
DUAN-054,website-verdora-property,Website Verdora Property,Màn hình website,Giao-dien-doi-tac-Kim-cuong-Xanh-case-study.jpg,https://image.homenest.com.vn/wp-content/uploads/2026/04/Giao-dien-doi-tac-Kim-cuong-Xanh-case-study.jpg,public/images/projects/website-verdora-property/07-man-hinh-website.webp,"Tối thiểu 1440 px chiều rộng, giữ chiều cao trang gốc",WebP chất lượng 82–88,DA_REBRAND_VA_TICH_HOP,"Đã dựng lại giao diện Verdora Property, che hoàn toàn nhận diện cũ và giữ nguyên kích thước ảnh gốc."
DUAN-055,website-candella-works,Website Candella Works,Ảnh bìa dự án,giao-dien-candygogo-case-study.jpg,https://image.homenest.com.vn/wp-content/uploads/2026/04/giao-dien-candygogo-case-study.jpg,public/images/projects/website-candella-works/01-anh-bia-du-an.webp,1920 × 1080 px (16:9),WebP chất lượng 82–88,DA_REBRAND_VA_TICH_HOP,"Giữ nội dung chính trong vùng an toàn trung tâm để còn cắt 4:3. Đã dựng lại giao diện Candella Works, che hoàn toàn nhận diện cũ và giữ nguyên kích thước ảnh gốc."
DUAN-056,website-flexora-packaging,Website Flexora Packaging,Ảnh bìa dự án,Giao-dien-Tan-Phong-case-study.jpg,https://image.homenest.com.vn/wp-content/uploads/2026/04/Giao-dien-Tan-Phong-case-study.jpg,public/images/projects/website-flexora-packaging/01-anh-bia-du-an.webp,1920 × 1080 px (16:9),WebP chất lượng 82–88,DA_REBRAND_VA_TICH_HOP,"Giữ nội dung chính trong vùng an toàn trung tâm để còn cắt 4:3. Đã dựng lại giao diện Flexora Packaging, che hoàn toàn nhận diện cũ và giữ nguyên kích thước ảnh gốc."
DUAN-057,website-flexora-packaging,Website Flexora Packaging,Màn hình website,Giao-dien-trang-chu-Tan-Phong-Case-Study.jpg,https://image.homenest.com.vn/wp-content/uploads/2026/04/Giao-dien-trang-chu-Tan-Phong-Case-Study.jpg,public/images/projects/website-flexora-packaging/02-man-hinh-website.webp,"Tối thiểu 1440 px chiều rộng, giữ chiều cao trang gốc",WebP chất lượng 82–88,DA_REBRAND_VA_TICH_HOP,"Đã dựng lại giao diện Flexora Packaging, che hoàn toàn nhận diện cũ và giữ nguyên kích thước ảnh gốc."
DUAN-058,website-flexora-packaging,Website Flexora Packaging,Màn hình website,Giao-dien-san-pham-Tan-Phong-Case-Study.jpg,https://image.homenest.com.vn/wp-content/uploads/2026/04/Giao-dien-san-pham-Tan-Phong-Case-Study.jpg,public/images/projects/website-flexora-packaging/03-man-hinh-website.webp,"Tối thiểu 1440 px chiều rộng, giữ chiều cao trang gốc",WebP chất lượng 82–88,DA_REBRAND_VA_TICH_HOP,"Đã dựng lại giao diện Flexora Packaging, che hoàn toàn nhận diện cũ và giữ nguyên kích thước ảnh gốc."
DUAN-059,website-flexora-packaging,Website Flexora Packaging,Màn hình website,San-pham-Film-Hdpe-Tan-Phong-Case-Study.jpg,https://image.homenest.com.vn/wp-content/uploads/2026/04/San-pham-Film-Hdpe-Tan-Phong-Case-Study.jpg,public/images/projects/website-flexora-packaging/04-man-hinh-website.webp,"Tối thiểu 1440 px chiều rộng, giữ chiều cao trang gốc",WebP chất lượng 82–88,DA_REBRAND_VA_TICH_HOP,"Đã dựng lại giao diện Flexora Packaging, che hoàn toàn nhận diện cũ và giữ nguyên kích thước ảnh gốc."
DUAN-060,website-flexora-packaging,Website Flexora Packaging,Màn hình website,Giao-dien-Tan-Phong-Case-Study-1.jpg,https://image.homenest.com.vn/wp-content/uploads/2026/04/Giao-dien-Tan-Phong-Case-Study-1.jpg,public/images/projects/website-flexora-packaging/05-man-hinh-website.webp,"Tối thiểu 1440 px chiều rộng, giữ chiều cao trang gốc",WebP chất lượng 82–88,DA_REBRAND_VA_TICH_HOP,"Đã dựng lại giao diện Flexora Packaging, che hoàn toàn nhận diện cũ và giữ nguyên kích thước ảnh gốc."
DUAN-061,website-flexora-packaging,Website Flexora Packaging,Màn hình website,Giao-dien-lien-he-Tan-Phong-Case-Study.jpg,https://image.homenest.com.vn/wp-content/uploads/2026/04/Giao-dien-lien-he-Tan-Phong-Case-Study.jpg,public/images/projects/website-flexora-packaging/06-man-hinh-website.webp,"Tối thiểu 1440 px chiều rộng, giữ chiều cao trang gốc",WebP chất lượng 82–88,DA_REBRAND_VA_TICH_HOP,"Đã dựng lại giao diện Flexora Packaging, che hoàn toàn nhận diện cũ và giữ nguyên kích thước ảnh gốc."
DUAN-062,website-flexora-packaging,Website Flexora Packaging,Màn hình website,Giao-dien-tin-tuc-Tan-Phong-Case-Study.jpg,https://image.homenest.com.vn/wp-content/uploads/2026/04/Giao-dien-tin-tuc-Tan-Phong-Case-Study.jpg,public/images/projects/website-flexora-packaging/07-man-hinh-website.webp,"Tối thiểu 1440 px chiều rộng, giữ chiều cao trang gốc",WebP chất lượng 82–88,DA_REBRAND_VA_TICH_HOP,"Đã dựng lại giao diện Flexora Packaging, che hoàn toàn nhận diện cũ và giữ nguyên kích thước ảnh gốc."
DUAN-063,website-polyvera,Website Polyvera,Ảnh bìa dự án,Giao-dien-Khanh-Phong-case-study.jpg,https://image.homenest.com.vn/wp-content/uploads/2026/04/Giao-dien-Khanh-Phong-case-study.jpg,public/images/projects/website-polyvera/01-anh-bia-du-an.webp,1920 × 1080 px (16:9),WebP chất lượng 82–88,DA_REBRAND_VA_TICH_HOP,"Giữ nội dung chính trong vùng an toàn trung tâm để còn cắt 4:3. Đã dựng lại giao diện Polyvera, che hoàn toàn nhận diện cũ và giữ nguyên kích thước ảnh gốc."
DUAN-064,website-polyvera,Website Polyvera,Màn hình website,Homepage-interface-of-Khanh-Phong-Plastics-case-study.jpg,https://image.homenest.com.vn/wp-content/uploads/2026/04/Homepage-interface-of-Khanh-Phong-Plastics-case-study.jpg,public/images/projects/website-polyvera/02-man-hinh-website.webp,"Tối thiểu 1440 px chiều rộng, giữ chiều cao trang gốc",WebP chất lượng 82–88,DA_REBRAND_VA_TICH_HOP,"Đã dựng lại giao diện Polyvera, che hoàn toàn nhận diện cũ và giữ nguyên kích thước ảnh gốc."
DUAN-065,website-polyvera,Website Polyvera,Màn hình website,Khanh-Phong-PE-greenhouse-film-case-study.jpg,https://image.homenest.com.vn/wp-content/uploads/2026/04/Khanh-Phong-PE-greenhouse-film-case-study.jpg,public/images/projects/website-polyvera/03-man-hinh-website.webp,"Tối thiểu 1440 px chiều rộng, giữ chiều cao trang gốc",WebP chất lượng 82–88,DA_REBRAND_VA_TICH_HOP,"Đã dựng lại giao diện Polyvera, che hoàn toàn nhận diện cũ và giữ nguyên kích thước ảnh gốc."
DUAN-066,website-polyvera,Website Polyvera,Màn hình website,Khanh-Phong-Plastics-contact-interface-case-study.jpg,https://image.homenest.com.vn/wp-content/uploads/2026/04/Khanh-Phong-Plastics-contact-interface-case-study.jpg,public/images/projects/website-polyvera/04-man-hinh-website.webp,"Tối thiểu 1440 px chiều rộng, giữ chiều cao trang gốc",WebP chất lượng 82–88,DA_REBRAND_VA_TICH_HOP,"Đã dựng lại giao diện Polyvera, che hoàn toàn nhận diện cũ và giữ nguyên kích thước ảnh gốc."
DUAN-067,website-polyvera,Website Polyvera,Màn hình website,Khanh-Phong-Plastics-product-interface-case-study.jpg,https://image.homenest.com.vn/wp-content/uploads/2026/04/Khanh-Phong-Plastics-product-interface-case-study.jpg,public/images/projects/website-polyvera/05-man-hinh-website.webp,"Tối thiểu 1440 px chiều rộng, giữ chiều cao trang gốc",WebP chất lượng 82–88,DA_REBRAND_VA_TICH_HOP,"Đã dựng lại giao diện Polyvera, che hoàn toàn nhận diện cũ và giữ nguyên kích thước ảnh gốc."
DUAN-068,website-polyvera,Website Polyvera,Màn hình website,Khanh-Phong-waterproofing-membrane-page-case-study.jpg,https://image.homenest.com.vn/wp-content/uploads/2026/04/Khanh-Phong-waterproofing-membrane-page-case-study.jpg,public/images/projects/website-polyvera/06-man-hinh-website.webp,"Tối thiểu 1440 px chiều rộng, giữ chiều cao trang gốc",WebP chất lượng 82–88,DA_REBRAND_VA_TICH_HOP,"Đã dựng lại giao diện Polyvera, che hoàn toàn nhận diện cũ và giữ nguyên kích thước ảnh gốc."
DUAN-069,website-mirava,Website Mirava,Ảnh bìa dự án,giao-dien-mida-case-study.jpg,https://image.homenest.com.vn/wp-content/uploads/2026/04/giao-dien-mida-case-study.jpg,public/images/projects/website-mirava/01-anh-bia-du-an.webp,1920 × 1080 px (16:9),WebP chất lượng 82–88,DA_REBRAND_VA_TICH_HOP,"Giữ nội dung chính trong vùng an toàn trung tâm để còn cắt 4:3. Đã dựng lại giao diện Mirava, che hoàn toàn nhận diện cũ và giữ nguyên kích thước ảnh gốc."
DUAN-070,website-bytevera,Website Bytevera,Ảnh bìa dự án,giao-dien-laptop-alltech-case-study.jpg,https://image.homenest.com.vn/wp-content/uploads/2026/04/giao-dien-laptop-alltech-case-study.jpg,public/images/projects/website-bytevera/01-anh-bia-du-an.webp,1920 × 1080 px (16:9),WebP chất lượng 82–88,DA_REBRAND_VA_TICH_HOP,"Giữ nội dung chính trong vùng an toàn trung tâm để còn cắt 4:3. Đã dựng lại giao diện Bytevera, che hoàn toàn nhận diện cũ và giữ nguyên kích thước ảnh gốc."
DUAN-071,website-motoria-link,Website Motoria Link,Ảnh bìa dự án,giao-dien-AUTOLINK-case-study.jpg,https://image.homenest.com.vn/wp-content/uploads/2026/04/giao-dien-AUTOLINK-case-study.jpg,public/images/projects/website-motoria-link/01-anh-bia-du-an.webp,1920 × 1080 px (16:9),WebP chất lượng 82–88,DA_REBRAND_VA_TICH_HOP,"Giữ nội dung chính trong vùng an toàn trung tâm để còn cắt 4:3. Đã dựng lại giao diện Motoria Link, che hoàn toàn nhận diện cũ và giữ nguyên kích thước ảnh gốc."
DUAN-072,website-dentavera,Website Dentavera,Ảnh bìa dự án,Giao-dien-Singapoden-Case-Study.jpg,https://image.homenest.com.vn/wp-content/uploads/2026/02/Giao-dien-Singapoden-Case-Study.jpg,public/images/projects/website-dentavera/01-anh-bia-du-an.webp,1920 × 1080 px (16:9),WebP chất lượng 82–88,DA_REBRAND_VA_TICH_HOP,"Giữ nội dung chính trong vùng an toàn trung tâm để còn cắt 4:3. Đã dựng lại giao diện Dentavera, che hoàn toàn nhận diện cũ và giữ nguyên kích thước ảnh gốc."
DUAN-073,website-dentavera,Website Dentavera,Màn hình website,giao-dien-trang-chu-SingapoDent-case-study.jpg,https://image.homenest.com.vn/wp-content/uploads/2026/02/giao-dien-trang-chu-SingapoDent-case-study.jpg,public/images/projects/website-dentavera/02-man-hinh-website.webp,"Tối thiểu 1440 px chiều rộng, giữ chiều cao trang gốc",WebP chất lượng 82–88,DA_REBRAND_VA_TICH_HOP,"Đã dựng lại giao diện Dentavera, che hoàn toàn nhận diện cũ và giữ nguyên kích thước ảnh gốc."
DUAN-074,website-dentavera,Website Dentavera,Màn hình website,Trang-chu-SingapoDent-case-study.jpg,https://image.homenest.com.vn/wp-content/uploads/2026/02/Trang-chu-SingapoDent-case-study.jpg,public/images/projects/website-dentavera/03-man-hinh-website.webp,"Tối thiểu 1440 px chiều rộng, giữ chiều cao trang gốc",WebP chất lượng 82–88,DA_REBRAND_VA_TICH_HOP,"Đã dựng lại giao diện Dentavera, che hoàn toàn nhận diện cũ và giữ nguyên kích thước ảnh gốc."
DUAN-075,website-dentavera,Website Dentavera,Màn hình website,giao-dien-tat-ca-san-pham-SingapoDent-case-study.jpg,https://image.homenest.com.vn/wp-content/uploads/2026/02/giao-dien-tat-ca-san-pham-SingapoDent-case-study.jpg,public/images/projects/website-dentavera/04-man-hinh-website.webp,"Tối thiểu 1440 px chiều rộng, giữ chiều cao trang gốc",WebP chất lượng 82–88,DA_REBRAND_VA_TICH_HOP,"Đã dựng lại giao diện Dentavera, che hoàn toàn nhận diện cũ và giữ nguyên kích thước ảnh gốc."
DUAN-076,website-dentavera,Website Dentavera,Màn hình website,giao-dien-san-pham-noi-bat-SingapoDent-case-study.jpg,https://image.homenest.com.vn/wp-content/uploads/2026/02/giao-dien-san-pham-noi-bat-SingapoDent-case-study.jpg,public/images/projects/website-dentavera/05-man-hinh-website.webp,"Tối thiểu 1440 px chiều rộng, giữ chiều cao trang gốc",WebP chất lượng 82–88,DA_REBRAND_VA_TICH_HOP,"Đã dựng lại giao diện Dentavera, che hoàn toàn nhận diện cũ và giữ nguyên kích thước ảnh gốc."
DUAN-077,website-dentavera,Website Dentavera,Màn hình website,giao-dien-dich-vu-SingapoDent-case-study.jpg,https://image.homenest.com.vn/wp-content/uploads/2026/02/giao-dien-dich-vu-SingapoDent-case-study.jpg,public/images/projects/website-dentavera/06-man-hinh-website.webp,"Tối thiểu 1440 px chiều rộng, giữ chiều cao trang gốc",WebP chất lượng 82–88,DA_REBRAND_VA_TICH_HOP,"Đã dựng lại giao diện Dentavera, che hoàn toàn nhận diện cũ và giữ nguyên kích thước ảnh gốc."
DUAN-078,website-dentavera,Website Dentavera,Màn hình website,giao-dien-may-in-SingapoDent-case-study.jpg,https://image.homenest.com.vn/wp-content/uploads/2026/02/giao-dien-may-in-SingapoDent-case-study.jpg,public/images/projects/website-dentavera/07-man-hinh-website.webp,"Tối thiểu 1440 px chiều rộng, giữ chiều cao trang gốc",WebP chất lượng 82–88,DA_REBRAND_VA_TICH_HOP,"Đã dựng lại giao diện Dentavera, che hoàn toàn nhận diện cũ và giữ nguyên kích thước ảnh gốc."
DUAN-079,website-lumera-living,Website Lumera Living,Ảnh bìa dự án,Trang-chu-Thanh-Tung-Case-Study.jpg,https://image.homenest.com.vn/wp-content/uploads/2025/10/Trang-chu-Thanh-Tung-Case-Study.jpg,public/images/projects/website-lumera-living/01-anh-bia-du-an.webp,1920 × 1080 px (16:9),WebP chất lượng 82–88,DA_REBRAND_VA_TICH_HOP,"Giữ nội dung chính trong vùng an toàn trung tâm để còn cắt 4:3. Đã dựng lại giao diện Lumera Living, che hoàn toàn nhận diện cũ và giữ nguyên kích thước ảnh gốc."
DUAN-080,website-lumera-living,Website Lumera Living,Màn hình website,giao-dien-trang-chu-Thanh-Tung-case-study.jpg,https://image.homenest.com.vn/wp-content/uploads/2025/10/giao-dien-trang-chu-Thanh-Tung-case-study.jpg,public/images/projects/website-lumera-living/02-man-hinh-website.webp,"Tối thiểu 1440 px chiều rộng, giữ chiều cao trang gốc",WebP chất lượng 82–88,DA_REBRAND_VA_TICH_HOP,"Đã dựng lại giao diện Lumera Living, che hoàn toàn nhận diện cũ và giữ nguyên kích thước ảnh gốc."
DUAN-081,website-lumera-living,Website Lumera Living,Màn hình website,giao-dien-noi-that-ki-tuc-xa-Thanh-Tung-case-study.jpg,https://image.homenest.com.vn/wp-content/uploads/2025/10/giao-dien-noi-that-ki-tuc-xa-Thanh-Tung-case-study.jpg,public/images/projects/website-lumera-living/03-man-hinh-website.webp,"Tối thiểu 1440 px chiều rộng, giữ chiều cao trang gốc",WebP chất lượng 82–88,DA_REBRAND_VA_TICH_HOP,"Đã dựng lại giao diện Lumera Living, che hoàn toàn nhận diện cũ và giữ nguyên kích thước ảnh gốc."
DUAN-082,website-lumera-living,Website Lumera Living,Màn hình website,giao-dien-noi-that-gia-dinh-Thanh-Tung-case-study.jpg,https://image.homenest.com.vn/wp-content/uploads/2025/10/giao-dien-noi-that-gia-dinh-Thanh-Tung-case-study.jpg,public/images/projects/website-lumera-living/04-man-hinh-website.webp,"Tối thiểu 1440 px chiều rộng, giữ chiều cao trang gốc",WebP chất lượng 82–88,DA_REBRAND_VA_TICH_HOP,"Đã dựng lại giao diện Lumera Living, che hoàn toàn nhận diện cũ và giữ nguyên kích thước ảnh gốc."
DUAN-083,website-lumera-living,Website Lumera Living,Màn hình website,giao-dien-thiet-ke-Thanh-Tung-case-study.jpg,https://image.homenest.com.vn/wp-content/uploads/2025/10/giao-dien-thiet-ke-Thanh-Tung-case-study.jpg,public/images/projects/website-lumera-living/05-man-hinh-website.webp,"Tối thiểu 1440 px chiều rộng, giữ chiều cao trang gốc",WebP chất lượng 82–88,DA_REBRAND_VA_TICH_HOP,"Đã dựng lại giao diện Lumera Living, che hoàn toàn nhận diện cũ và giữ nguyên kích thước ảnh gốc."
DUAN-084,website-lumera-living,Website Lumera Living,Màn hình website,giao-dien-noi-that-Thanh-Tung-case-study.jpg,https://image.homenest.com.vn/wp-content/uploads/2025/10/giao-dien-noi-that-Thanh-Tung-case-study.jpg,public/images/projects/website-lumera-living/06-man-hinh-website.webp,"Tối thiểu 1440 px chiều rộng, giữ chiều cao trang gốc",WebP chất lượng 82–88,DA_REBRAND_VA_TICH_HOP,"Đã dựng lại giao diện Lumera Living, che hoàn toàn nhận diện cũ và giữ nguyên kích thước ảnh gốc."
DUAN-085,website-lumera-living,Website Lumera Living,Màn hình website,giao-dien-noi-that-van-phong-Thanh-Tung-case-study.jpg,https://image.homenest.com.vn/wp-content/uploads/2025/10/giao-dien-noi-that-van-phong-Thanh-Tung-case-study.jpg,public/images/projects/website-lumera-living/07-man-hinh-website.webp,"Tối thiểu 1440 px chiều rộng, giữ chiều cao trang gốc",WebP chất lượng 82–88,DA_REBRAND_VA_TICH_HOP,"Đã dựng lại giao diện Lumera Living, che hoàn toàn nhận diện cũ và giữ nguyên kích thước ảnh gốc."
DUAN-086,website-auriva-land,Website Auriva Land,Ảnh bìa dự án,Website-Song-Quan-land.jpg,https://image.homenest.com.vn/wp-content/uploads/2025/10/22123019/Website-Song-Quan-land.jpg,public/images/projects/website-auriva-land/01-anh-bia-du-an.webp,1920 × 1080 px (16:9),WebP chất lượng 82–88,DA_REBRAND_VA_TICH_HOP,"Giữ nội dung chính trong vùng an toàn trung tâm để còn cắt 4:3. Đã dựng lại giao diện Auriva Land, che hoàn toàn nhận diện cũ và giữ nguyên kích thước ảnh gốc."
DUAN-087,website-rovena-mobility,Website Rovena Mobility,Ảnh bìa dự án,Du-an-website-bontravel.jpg,https://image.homenest.com.vn/wp-content/uploads/2025/10/22123021/Du-an-website-bontravel.jpg,public/images/projects/website-rovena-mobility/01-anh-bia-du-an.webp,1920 × 1080 px (16:9),WebP chất lượng 82–88,DA_REBRAND_VA_TICH_HOP,"Giữ nội dung chính trong vùng an toàn trung tâm để còn cắt 4:3. Đã dựng lại giao diện Rovena Mobility, che hoàn toàn nhận diện cũ và giữ nguyên kích thước ảnh gốc."
DUAN-088,website-brewvia,Website Brewvia,Ảnh bìa dự án,Website-chu-quan-ca-phe.jpg,https://image.homenest.com.vn/wp-content/uploads/2025/10/22123024/Website-chu-quan-ca-phe.jpg,public/images/projects/website-brewvia/01-anh-bia-du-an.webp,1920 × 1080 px (16:9),WebP chất lượng 82–88,DA_REBRAND_VA_TICH_HOP,"Giữ nội dung chính trong vùng an toàn trung tâm để còn cắt 4:3. Đã dựng lại giao diện Brewvia, che hoàn toàn nhận diện cũ và giữ nguyên kích thước ảnh gốc."
DUAN-089,website-arcvera-construction,Website Arcvera Construction,Ảnh bìa dự án,Website-MCS.jpg,https://image.homenest.com.vn/wp-content/uploads/2025/10/22123025/Website-MCS.jpg,public/images/projects/website-arcvera-construction/01-anh-bia-du-an.webp,1920 × 1080 px (16:9),WebP chất lượng 82–88,DA_REBRAND_VA_TICH_HOP,"Giữ nội dung chính trong vùng an toàn trung tâm để còn cắt 4:3. Đã dựng lại giao diện Arcvera Construction, che hoàn toàn nhận diện cũ và giữ nguyên kích thước ảnh gốc."
DUAN-090,website-edunora,Website Edunora,Ảnh bìa dự án,Giao-dien-trang-cua-Website-Dava-Edu.jpg,https://image.homenest.com.vn/wp-content/uploads/2026/05/Giao-dien-trang-cua-Website-Dava-Edu.jpg,public/images/projects/website-edunora/01-anh-bia-du-an.webp,1920 × 1080 px (16:9),WebP chất lượng 82–88,DA_REBRAND_VA_TICH_HOP,"Giữ nội dung chính trong vùng an toàn trung tâm để còn cắt 4:3. Đã dựng lại giao diện Edunora, che hoàn toàn nhận diện cũ và giữ nguyên kích thước ảnh gốc."
DUAN-091,website-edunora,Website Edunora,Màn hình website,Giao-dien-trang-cac-khoa-hoc-cua-Website-Dava-Edu.jpg,https://image.homenest.com.vn/wp-content/uploads/2026/05/Giao-dien-trang-cac-khoa-hoc-cua-Website-Dava-Edu.jpg,public/images/projects/website-edunora/02-man-hinh-website.webp,"Tối thiểu 1440 px chiều rộng, giữ chiều cao trang gốc",WebP chất lượng 82–88,DA_REBRAND_VA_TICH_HOP,"Đã dựng lại giao diện Edunora, che hoàn toàn nhận diện cũ và giữ nguyên kích thước ảnh gốc."
DUAN-092,website-edunora,Website Edunora,Màn hình website,Giao-dien-trang-bai-viet-chi-tiet-cua-Website-Dava-Edu.jpg,https://image.homenest.com.vn/wp-content/uploads/2026/05/Giao-dien-trang-bai-viet-chi-tiet-cua-Website-Dava-Edu.jpg,public/images/projects/website-edunora/03-man-hinh-website.webp,"Tối thiểu 1440 px chiều rộng, giữ chiều cao trang gốc",WebP chất lượng 82–88,DA_REBRAND_VA_TICH_HOP,"Đã dựng lại giao diện Edunora, che hoàn toàn nhận diện cũ và giữ nguyên kích thước ảnh gốc."
DUAN-093,website-edunora,Website Edunora,Màn hình website,Giao-dien-trang-thu-vien-sach-cua-Website-Dava-Edu.jpg,https://image.homenest.com.vn/wp-content/uploads/2026/05/Giao-dien-trang-thu-vien-sach-cua-Website-Dava-Edu.jpg,public/images/projects/website-edunora/04-man-hinh-website.webp,"Tối thiểu 1440 px chiều rộng, giữ chiều cao trang gốc",WebP chất lượng 82–88,DA_REBRAND_VA_TICH_HOP,"Đã dựng lại giao diện Edunora, che hoàn toàn nhận diện cũ và giữ nguyên kích thước ảnh gốc."
DUAN-094,website-edunora,Website Edunora,Màn hình website,Giao-dien-trang-khoa-hoc-tham-mi-cua-Website-Dava-Edu.jpg,https://image.homenest.com.vn/wp-content/uploads/2026/05/Giao-dien-trang-khoa-hoc-tham-mi-cua-Website-Dava-Edu.jpg,public/images/projects/website-edunora/05-man-hinh-website.webp,"Tối thiểu 1440 px chiều rộng, giữ chiều cao trang gốc",WebP chất lượng 82–88,DA_REBRAND_VA_TICH_HOP,"Đã dựng lại giao diện Edunora, che hoàn toàn nhận diện cũ và giữ nguyên kích thước ảnh gốc."
DUAN-095,website-virela-interior,Website Virela Interior,Ảnh bìa dự án,Giao-dien-trang-chu-website-noi-that-van-quyet.jpg,https://image.homenest.com.vn/wp-content/uploads/2026/05/Giao-dien-trang-chu-website-noi-that-van-quyet.jpg,public/images/projects/website-virela-interior/01-anh-bia-du-an.webp,1920 × 1080 px (16:9),WebP chất lượng 82–88,DA_REBRAND_VA_TICH_HOP,"Giữ nội dung chính trong vùng an toàn trung tâm để còn cắt 4:3. Đã dựng lại giao diện Virela Interior, che hoàn toàn nhận diện cũ và giữ nguyên kích thước ảnh gốc."
DUAN-096,website-virela-interior,Website Virela Interior,Màn hình website,Giao-dien-trang-lien-he-noi-that-van-quyet.jpg,https://image.homenest.com.vn/wp-content/uploads/2026/05/Giao-dien-trang-lien-he-noi-that-van-quyet.jpg,public/images/projects/website-virela-interior/02-man-hinh-website.webp,"Tối thiểu 1440 px chiều rộng, giữ chiều cao trang gốc",WebP chất lượng 82–88,DA_REBRAND_VA_TICH_HOP,"Đã dựng lại giao diện Virela Interior, che hoàn toàn nhận diện cũ và giữ nguyên kích thước ảnh gốc."
DUAN-097,website-virela-interior,Website Virela Interior,Màn hình website,Giao-dien-trang-san-pham-ban-chay-noi-that-van-quyet.jpg,https://image.homenest.com.vn/wp-content/uploads/2026/05/Giao-dien-trang-san-pham-ban-chay-noi-that-van-quyet.jpg,public/images/projects/website-virela-interior/03-man-hinh-website.webp,"Tối thiểu 1440 px chiều rộng, giữ chiều cao trang gốc",WebP chất lượng 82–88,DA_REBRAND_VA_TICH_HOP,"Đã dựng lại giao diện Virela Interior, che hoàn toàn nhận diện cũ và giữ nguyên kích thước ảnh gốc."
DUAN-098,website-virela-interior,Website Virela Interior,Màn hình website,Giao-dien-trang-voucher-va-deal-tot-noi-that-van-quyet.jpg,https://image.homenest.com.vn/wp-content/uploads/2026/05/Giao-dien-trang-voucher-va-deal-tot-noi-that-van-quyet.jpg,public/images/projects/website-virela-interior/04-man-hinh-website.webp,"Tối thiểu 1440 px chiều rộng, giữ chiều cao trang gốc",WebP chất lượng 82–88,DA_REBRAND_VA_TICH_HOP,"Đã dựng lại giao diện Virela Interior, che hoàn toàn nhận diện cũ và giữ nguyên kích thước ảnh gốc."
DUAN-099,website-ceranova,Website Ceranova,Ảnh bìa dự án,Giao-dien-trang-chu-Website-Bao-Vy-Pottery.jpg,https://image.homenest.com.vn/wp-content/uploads/2026/05/Giao-dien-trang-chu-Website-Bao-Vy-Pottery.jpg,public/images/projects/website-ceranova/01-anh-bia-du-an.webp,1920 × 1080 px (16:9),WebP chất lượng 82–88,DA_REBRAND_VA_TICH_HOP,"Giữ nội dung chính trong vùng an toàn trung tâm để còn cắt 4:3. Đã dựng lại giao diện Ceranova, che hoàn toàn nhận diện cũ và giữ nguyên kích thước ảnh gốc."
DUAN-100,website-ceranova,Website Ceranova,Màn hình website,Giao-dien-trang-lien-he-Website-Bao-Vy-Pottery.jpg,https://image.homenest.com.vn/wp-content/uploads/2026/05/Giao-dien-trang-lien-he-Website-Bao-Vy-Pottery.jpg,public/images/projects/website-ceranova/02-man-hinh-website.webp,"Tối thiểu 1440 px chiều rộng, giữ chiều cao trang gốc",WebP chất lượng 82–88,DA_REBRAND_VA_TICH_HOP,"Đã dựng lại giao diện Ceranova, che hoàn toàn nhận diện cũ và giữ nguyên kích thước ảnh gốc."
DUAN-101,website-ceranova,Website Ceranova,Màn hình website,Giao-dien-trang-phong-trung-bay-Website-Bao-Vy-Pottery.jpg,https://image.homenest.com.vn/wp-content/uploads/2026/05/Giao-dien-trang-phong-trung-bay-Website-Bao-Vy-Pottery.jpg,public/images/projects/website-ceranova/03-man-hinh-website.webp,"Tối thiểu 1440 px chiều rộng, giữ chiều cao trang gốc",WebP chất lượng 82–88,DA_REBRAND_VA_TICH_HOP,"Đã dựng lại giao diện Ceranova, che hoàn toàn nhận diện cũ và giữ nguyên kích thước ảnh gốc."
DUAN-102,website-ceranova,Website Ceranova,Màn hình website,Giao-dien-trang-san-pham-chi-tiet-Website-Bao-Vy-Pottery.jpg,https://image.homenest.com.vn/wp-content/uploads/2026/05/Giao-dien-trang-san-pham-chi-tiet-Website-Bao-Vy-Pottery.jpg,public/images/projects/website-ceranova/04-man-hinh-website.webp,"Tối thiểu 1440 px chiều rộng, giữ chiều cao trang gốc",WebP chất lượng 82–88,DA_REBRAND_VA_TICH_HOP,"Đã dựng lại giao diện Ceranova, che hoàn toàn nhận diện cũ và giữ nguyên kích thước ảnh gốc."
DUAN-103,website-rovena-travel,Website Rovena Travel,Ảnh bìa dự án,Giao-dien-trang-chu-cua-Website-Bontravel.jpg,https://image.homenest.com.vn/wp-content/uploads/2026/05/Giao-dien-trang-chu-cua-Website-Bontravel.jpg,public/images/projects/website-rovena-travel/01-anh-bia-du-an.webp,1920 × 1080 px (16:9),WebP chất lượng 82–88,DA_REBRAND_VA_TICH_HOP,"Giữ nội dung chính trong vùng an toàn trung tâm để còn cắt 4:3. Đã dựng lại giao diện Rovena Travel, che hoàn toàn nhận diện cũ và giữ nguyên kích thước ảnh gốc."
DUAN-104,website-rovena-travel,Website Rovena Travel,Màn hình website,Giao-dien-trang-dich-vu-xe-dua-don-san-bay-noi-bai-cua-Website-Bontravel.jpg,https://image.homenest.com.vn/wp-content/uploads/2026/05/Giao-dien-trang-dich-vu-xe-dua-don-san-bay-noi-bai-cua-Website-Bontravel.jpg,public/images/projects/website-rovena-travel/02-man-hinh-website.webp,"Tối thiểu 1440 px chiều rộng, giữ chiều cao trang gốc",WebP chất lượng 82–88,DA_REBRAND_VA_TICH_HOP,"Đã dựng lại giao diện Rovena Travel, che hoàn toàn nhận diện cũ và giữ nguyên kích thước ảnh gốc."
DUAN-105,website-rovena-travel,Website Rovena Travel,Màn hình website,Giao-dien-trang-dich-vu-xe-dua-don-di-tinh-duong-dai-cua-Website-Bontravel.jpg,https://image.homenest.com.vn/wp-content/uploads/2026/05/Giao-dien-trang-dich-vu-xe-dua-don-di-tinh-duong-dai-cua-Website-Bontravel.jpg,public/images/projects/website-rovena-travel/03-man-hinh-website.webp,"Tối thiểu 1440 px chiều rộng, giữ chiều cao trang gốc",WebP chất lượng 82–88,DA_REBRAND_VA_TICH_HOP,"Đã dựng lại giao diện Rovena Travel, che hoàn toàn nhận diện cũ và giữ nguyên kích thước ảnh gốc."
DUAN-106,website-rovena-travel,Website Rovena Travel,Màn hình website,Giao-dien-trang-cam-nang-cua-Website-Bontravel.jpg,https://image.homenest.com.vn/wp-content/uploads/2026/05/Giao-dien-trang-cam-nang-cua-Website-Bontravel.jpg,public/images/projects/website-rovena-travel/04-man-hinh-website.webp,"Tối thiểu 1440 px chiều rộng, giữ chiều cao trang gốc",WebP chất lượng 82–88,DA_REBRAND_VA_TICH_HOP,"Đã dựng lại giao diện Rovena Travel, che hoàn toàn nhận diện cũ và giữ nguyên kích thước ảnh gốc."
DUAN-107,website-rovena-travel,Website Rovena Travel,Màn hình website,Giao-dien-dich-vu-dua-don-duong-dai-cua-Website-Bontravel.jpg,https://image.homenest.com.vn/wp-content/uploads/2026/05/Giao-dien-dich-vu-dua-don-duong-dai-cua-Website-Bontravel.jpg,public/images/projects/website-rovena-travel/05-man-hinh-website.webp,"Tối thiểu 1440 px chiều rộng, giữ chiều cao trang gốc",WebP chất lượng 82–88,DA_REBRAND_VA_TICH_HOP,"Đã dựng lại giao diện Rovena Travel, che hoàn toàn nhận diện cũ và giữ nguyên kích thước ảnh gốc."
DUAN-108,website-rovena-travel,Website Rovena Travel,Màn hình website,Giao-dien-trang-xe-sendan-5-cho-cua-Website-Bontravel.jpg,https://image.homenest.com.vn/wp-content/uploads/2026/05/Giao-dien-trang-xe-sendan-5-cho-cua-Website-Bontravel.jpg,public/images/projects/website-rovena-travel/06-man-hinh-website.webp,"Tối thiểu 1440 px chiều rộng, giữ chiều cao trang gốc",WebP chất lượng 82–88,DA_REBRAND_VA_TICH_HOP,"Đã dựng lại giao diện Rovena Travel, che hoàn toàn nhận diện cũ và giữ nguyên kích thước ảnh gốc."
DUAN-109,website-rovena-travel,Website Rovena Travel,Màn hình website,Giao-dien-trang-xe-16-cua-Website-Bontravel.jpg,https://image.homenest.com.vn/wp-content/uploads/2026/05/Giao-dien-trang-xe-16-cua-Website-Bontravel.jpg,public/images/projects/website-rovena-travel/07-man-hinh-website.webp,"Tối thiểu 1440 px chiều rộng, giữ chiều cao trang gốc",WebP chất lượng 82–88,DA_REBRAND_VA_TICH_HOP,"Đã dựng lại giao diện Rovena Travel, che hoàn toàn nhận diện cũ và giữ nguyên kích thước ảnh gốc."
DUAN-110,website-rovena-travel,Website Rovena Travel,Màn hình website,Giao-dien-trang-xe-7-cho-cua-Website-Bontravel.jpg,https://image.homenest.com.vn/wp-content/uploads/2026/05/Giao-dien-trang-xe-7-cho-cua-Website-Bontravel.jpg,public/images/projects/website-rovena-travel/08-man-hinh-website.webp,"Tối thiểu 1440 px chiều rộng, giữ chiều cao trang gốc",WebP chất lượng 82–88,DA_REBRAND_VA_TICH_HOP,"Đã dựng lại giao diện Rovena Travel, che hoàn toàn nhận diện cũ và giữ nguyên kích thước ảnh gốc."
DUAN-111,website-rovena-travel,Website Rovena Travel,Màn hình website,Giao-dien-trang-tour-chi-tiet-cua-Website-Bontravel.jpg,https://image.homenest.com.vn/wp-content/uploads/2026/05/Giao-dien-trang-tour-chi-tiet-cua-Website-Bontravel.jpg,public/images/projects/website-rovena-travel/09-man-hinh-website.webp,"Tối thiểu 1440 px chiều rộng, giữ chiều cao trang gốc",WebP chất lượng 82–88,DA_REBRAND_VA_TICH_HOP,"Đã dựng lại giao diện Rovena Travel, che hoàn toàn nhận diện cũ và giữ nguyên kích thước ảnh gốc."
DUAN-112,website-rovena-travel,Website Rovena Travel,Màn hình website,Giao-dien-trang-tour-cua-Website-Bontravel.jpg,https://image.homenest.com.vn/wp-content/uploads/2026/05/Giao-dien-trang-tour-cua-Website-Bontravel.jpg,public/images/projects/website-rovena-travel/10-man-hinh-website.webp,"Tối thiểu 1440 px chiều rộng, giữ chiều cao trang gốc",WebP chất lượng 82–88,DA_REBRAND_VA_TICH_HOP,"Đã dựng lại giao diện Rovena Travel, che hoàn toàn nhận diện cũ và giữ nguyên kích thước ảnh gốc."
DUAN-113,website-zenovia-retail,Website Zenovia Retail,Ảnh bìa dự án,Giao-dien-trang-he-thong-dai-li-chinh-hang-cua-Website-Zappa.jpg,https://image.homenest.com.vn/wp-content/uploads/2026/05/Giao-dien-trang-he-thong-dai-li-chinh-hang-cua-Website-Zappa.jpg,public/images/projects/website-zenovia-retail/01-anh-bia-du-an.webp,1920 × 1080 px (16:9),WebP chất lượng 82–88,DA_REBRAND_VA_TICH_HOP,"Giữ nội dung chính trong vùng an toàn trung tâm để còn cắt 4:3. Đã dựng lại giao diện Zenovia Retail, che hoàn toàn nhận diện cũ và giữ nguyên kích thước ảnh gốc."
DUAN-114,website-zenovia-retail,Website Zenovia Retail,Màn hình website,Giao-dien-trang-chu-cua-Website-Zappa.jpg,https://image.homenest.com.vn/wp-content/uploads/2026/05/Giao-dien-trang-chu-cua-Website-Zappa.jpg,public/images/projects/website-zenovia-retail/02-man-hinh-website.webp,"Tối thiểu 1440 px chiều rộng, giữ chiều cao trang gốc",WebP chất lượng 82–88,DA_REBRAND_VA_TICH_HOP,"Đã dựng lại giao diện Zenovia Retail, che hoàn toàn nhận diện cũ và giữ nguyên kích thước ảnh gốc."
DUAN-115,website-zenovia-retail,Website Zenovia Retail,Màn hình website,Giao-dien-trang-san-pham-cua-Website-Zappa.jpg,https://image.homenest.com.vn/wp-content/uploads/2026/05/Giao-dien-trang-san-pham-cua-Website-Zappa.jpg,public/images/projects/website-zenovia-retail/03-man-hinh-website.webp,"Tối thiểu 1440 px chiều rộng, giữ chiều cao trang gốc",WebP chất lượng 82–88,DA_REBRAND_VA_TICH_HOP,"Đã dựng lại giao diện Zenovia Retail, che hoàn toàn nhận diện cũ và giữ nguyên kích thước ảnh gốc."
DUAN-116,website-zenovia-retail,Website Zenovia Retail,Màn hình website,Giao-dien-trang-tin-tuc-cua-Website-Zappa.jpg,https://image.homenest.com.vn/wp-content/uploads/2026/05/Giao-dien-trang-tin-tuc-cua-Website-Zappa.jpg,public/images/projects/website-zenovia-retail/04-man-hinh-website.webp,"Tối thiểu 1440 px chiều rộng, giữ chiều cao trang gốc",WebP chất lượng 82–88,DA_REBRAND_VA_TICH_HOP,"Đã dựng lại giao diện Zenovia Retail, che hoàn toàn nhận diện cũ và giữ nguyên kích thước ảnh gốc."
DUAN-117,website-veloura-nails,Website Veloura Nails,Ảnh bìa dự án,Giao-dien-trang-Home-cua-Website-Destiny-Nail-Bar.jpg,https://image.homenest.com.vn/wp-content/uploads/2026/05/Giao-dien-trang-Home-cua-Website-Destiny-Nail-Bar.jpg,public/images/projects/website-veloura-nails/01-anh-bia-du-an.webp,1920 × 1080 px (16:9),WebP chất lượng 82–88,DA_REBRAND_VA_TICH_HOP,"Giữ nội dung chính trong vùng an toàn trung tâm để còn cắt 4:3. Đã dựng lại giao diện Veloura Nails, che hoàn toàn nhận diện cũ và giữ nguyên kích thước ảnh gốc."
DUAN-118,website-veloura-nails,Website Veloura Nails,Màn hình website,Giao-dien-trang-trends-cua-Website-Destiny-Nail-Bar.jpg,https://image.homenest.com.vn/wp-content/uploads/2026/05/Giao-dien-trang-trends-cua-Website-Destiny-Nail-Bar.jpg,public/images/projects/website-veloura-nails/02-man-hinh-website.webp,"Tối thiểu 1440 px chiều rộng, giữ chiều cao trang gốc",WebP chất lượng 82–88,DA_REBRAND_VA_TICH_HOP,"Đã dựng lại giao diện Veloura Nails, che hoàn toàn nhận diện cũ và giữ nguyên kích thước ảnh gốc."
DUAN-119,website-veloura-nails,Website Veloura Nails,Màn hình website,Giao-dien-trang-treatments-vprices-cua-Website-Destiny-Nail-Bar.jpg,https://image.homenest.com.vn/wp-content/uploads/2026/05/Giao-dien-trang-treatments-vprices-cua-Website-Destiny-Nail-Bar.jpg,public/images/projects/website-veloura-nails/03-man-hinh-website.webp,"Tối thiểu 1440 px chiều rộng, giữ chiều cao trang gốc",WebP chất lượng 82–88,DA_REBRAND_VA_TICH_HOP,"Đã dựng lại giao diện Veloura Nails, che hoàn toàn nhận diện cũ và giữ nguyên kích thước ảnh gốc."
DUAN-120,website-veloura-nails,Website Veloura Nails,Màn hình website,Giao-dien-trang-about-us-cua-Website-Destiny-Nail-Bar.jpg,https://image.homenest.com.vn/wp-content/uploads/2026/05/Giao-dien-trang-about-us-cua-Website-Destiny-Nail-Bar.jpg,public/images/projects/website-veloura-nails/04-man-hinh-website.webp,"Tối thiểu 1440 px chiều rộng, giữ chiều cao trang gốc",WebP chất lượng 82–88,DA_REBRAND_VA_TICH_HOP,"Đã dựng lại giao diện Veloura Nails, che hoàn toàn nhận diện cũ và giữ nguyên kích thước ảnh gốc."
DUAN-121,website-veloura-nails,Website Veloura Nails,Màn hình website,Giao-dien-trang-booking-cua-Website-Destiny-Nail-Bar.jpg,https://image.homenest.com.vn/wp-content/uploads/2026/05/Giao-dien-trang-booking-cua-Website-Destiny-Nail-Bar.jpg,public/images/projects/website-veloura-nails/05-man-hinh-website.webp,"Tối thiểu 1440 px chiều rộng, giữ chiều cao trang gốc",WebP chất lượng 82–88,DA_REBRAND_VA_TICH_HOP,"Đã dựng lại giao diện Veloura Nails, che hoàn toàn nhận diện cũ và giữ nguyên kích thước ảnh gốc."
DUAN-122,website-veloura-nails,Website Veloura Nails,Màn hình website,Giao-dien-trang-polishes-cua-Website-Destiny-Nail-Bar.jpg,https://image.homenest.com.vn/wp-content/uploads/2026/05/Giao-dien-trang-polishes-cua-Website-Destiny-Nail-Bar.jpg,public/images/projects/website-veloura-nails/06-man-hinh-website.webp,"Tối thiểu 1440 px chiều rộng, giữ chiều cao trang gốc",WebP chất lượng 82–88,DA_REBRAND_VA_TICH_HOP,"Đã dựng lại giao diện Veloura Nails, che hoàn toàn nhận diện cũ và giữ nguyên kích thước ảnh gốc."
DUAN-123,website-veloura-nails,Website Veloura Nails,Màn hình mobile,Giao-dien-trang-chu-Destiny-Nail-Bar-scaled.jpg,https://image.homenest.com.vn/wp-content/uploads/2026/07/Giao-dien-trang-chu-Destiny-Nail-Bar-scaled.jpg,public/images/projects/website-veloura-nails/07-man-hinh-mobile.webp,"Tối thiểu 1080 px chiều rộng, giữ tỷ lệ màn hình gốc",WebP chất lượng 82–88,DA_REBRAND_VA_TICH_HOP,"Đã dựng lại giao diện Veloura Nails, che hoàn toàn nhận diện cũ và giữ nguyên kích thước ảnh gốc."
DUAN-124,website-veloura-nails,Website Veloura Nails,Màn hình mobile,Giao-dien-Destiny-Nail-Bar-scaled.jpg,https://image.homenest.com.vn/wp-content/uploads/2026/07/Giao-dien-Destiny-Nail-Bar-scaled.jpg,public/images/projects/website-veloura-nails/08-man-hinh-mobile.webp,"Tối thiểu 1080 px chiều rộng, giữ tỷ lệ màn hình gốc",WebP chất lượng 82–88,DA_REBRAND_VA_TICH_HOP,"Đã dựng lại giao diện Veloura Nails, che hoàn toàn nhận diện cũ và giữ nguyên kích thước ảnh gốc."
DUAN-125,website-veloura-nails,Website Veloura Nails,Màn hình mobile,Giao-dien-Treatment-Destiny-Nail-Bar-scaled.jpg,https://image.homenest.com.vn/wp-content/uploads/2026/07/Giao-dien-Treatment-Destiny-Nail-Bar-scaled.jpg,public/images/projects/website-veloura-nails/09-man-hinh-mobile.webp,"Tối thiểu 1080 px chiều rộng, giữ tỷ lệ màn hình gốc",WebP chất lượng 82–88,DA_REBRAND_VA_TICH_HOP,"Đã dựng lại giao diện Veloura Nails, che hoàn toàn nhận diện cũ và giữ nguyên kích thước ảnh gốc."
DUAN-126,website-veloura-nails,Website Veloura Nails,Màn hình mobile,Giao-dien-About-Us-Destiny-Nail-Bar-scaled.jpg,https://image.homenest.com.vn/wp-content/uploads/2026/07/Giao-dien-About-Us-Destiny-Nail-Bar-scaled.jpg,public/images/projects/website-veloura-nails/10-man-hinh-mobile.webp,"Tối thiểu 1080 px chiều rộng, giữ tỷ lệ màn hình gốc",WebP chất lượng 82–88,DA_REBRAND_VA_TICH_HOP,"Đã dựng lại giao diện Veloura Nails, che hoàn toàn nhận diện cũ và giữ nguyên kích thước ảnh gốc."
DUAN-127,website-veloura-nails,Website Veloura Nails,Màn hình mobile,Giao-dien-chi-nhanh-Destiny-Nail-Bar-scaled.jpg,https://image.homenest.com.vn/wp-content/uploads/2026/07/Giao-dien-chi-nhanh-Destiny-Nail-Bar-scaled.jpg,public/images/projects/website-veloura-nails/11-man-hinh-mobile.webp,"Tối thiểu 1080 px chiều rộng, giữ tỷ lệ màn hình gốc",WebP chất lượng 82–88,DA_REBRAND_VA_TICH_HOP,"Đã dựng lại giao diện Veloura Nails, che hoàn toàn nhận diện cũ và giữ nguyên kích thước ảnh gốc."
DUAN-128,website-veloura-nails,Website Veloura Nails,Màn hình mobile,Giao-dien-san-pham-Destiny-Nail-Bar-scaled.jpg,https://image.homenest.com.vn/wp-content/uploads/2026/07/Giao-dien-san-pham-Destiny-Nail-Bar-scaled.jpg,public/images/projects/website-veloura-nails/12-man-hinh-mobile.webp,"Tối thiểu 1080 px chiều rộng, giữ tỷ lệ màn hình gốc",WebP chất lượng 82–88,DA_REBRAND_VA_TICH_HOP,"Đã dựng lại giao diện Veloura Nails, che hoàn toàn nhận diện cũ và giữ nguyên kích thước ảnh gốc."
DUAN-129,gioi-thieu-nang-luc,Màn hình dự án ở hero Giới thiệu,Màn hình mobile 1,about-hero-image-2.jpg,https://image.homenest.com.vn/wp-content/uploads/2026/04/about-hero-image-2.jpg,public/images/projects/gioi-thieu-nang-luc/01-man-hinh-mobile-1.webp,"Tối thiểu 856 × 1852 px, tỷ lệ 428:926",WebP chất lượng 82–88,DA_TAO_VA_TICH_HOP,Màn hình mobile thương hiệu mới đã tạo đúng tỷ lệ 428:926 và tích hợp.
DUAN-130,gioi-thieu-nang-luc,Màn hình dự án ở hero Giới thiệu,Màn hình mobile 2,about-hero-image-3.jpg,https://image.homenest.com.vn/wp-content/uploads/2026/04/about-hero-image-3.jpg,public/images/projects/gioi-thieu-nang-luc/02-man-hinh-mobile-2.webp,"Tối thiểu 856 × 1852 px, tỷ lệ 428:926",WebP chất lượng 82–88,DA_TAO_VA_TICH_HOP,Màn hình mobile thương hiệu mới đã tạo đúng tỷ lệ 428:926 và tích hợp.
DUAN-131,gioi-thieu-nang-luc,Màn hình dự án ở hero Giới thiệu,Màn hình mobile 3,about-hero-image-1.jpg,https://image.homenest.com.vn/wp-content/uploads/2026/04/about-hero-image-1.jpg,public/images/projects/gioi-thieu-nang-luc/03-man-hinh-mobile-3.webp,"Tối thiểu 856 × 1852 px, tỷ lệ 428:926",WebP chất lượng 82–88,DA_TAO_VA_TICH_HOP,Màn hình mobile thương hiệu mới đã tạo đúng tỷ lệ 428:926 và tích hợp.
DUAN-132,showcase-tong-hop,Ảnh trình bày dự án tổng hợp,Ảnh collage / showcase,Thiet-ke-App-HomeNest-Viet-Nam.jpg,https://image.homenest.com.vn/wp-content/uploads/2026/04/Thiet-ke-App-HomeNest-Viet-Nam.jpg,public/images/projects/showcase-tong-hop/01-anh-collage-showcase.webp,"Tối thiểu 1600 × 1200 px (4:3), vùng an toàn giữa ảnh",WebP chất lượng 82–88,DA_REBRAND_VA_TICH_HOP,"Cần xác nhận đây là dự án thật trước khi dùng lại. Đã dựng lại giao diện Winterfrost, che hoàn toàn nhận diện cũ và giữ nguyên kích thước ảnh gốc."
DUAN-133,showcase-tong-hop,Ảnh trình bày dự án tổng hợp,Ảnh collage / showcase,Phat-trien-Phan-mem-HomeNest-Viet-Nam.jpg,https://image.homenest.com.vn/wp-content/uploads/2026/04/Phat-trien-Phan-mem-HomeNest-Viet-Nam.jpg,public/images/projects/showcase-tong-hop/02-anh-collage-showcase.webp,"Tối thiểu 1600 × 1200 px (4:3), vùng an toàn giữa ảnh",WebP chất lượng 82–88,DA_REBRAND_VA_TICH_HOP,"Cần xác nhận đây là dự án thật trước khi dùng lại. Đã dựng lại giao diện Winterfrost, che hoàn toàn nhận diện cũ và giữ nguyên kích thước ảnh gốc."
DUAN-134,showcase-tong-hop,Ảnh trình bày dự án tổng hợp,Ảnh collage / showcase,Go-QuestX-Chatbot-thong-minh-HomeNest-Viet-Nam.png,https://image.homenest.com.vn/wp-content/uploads/2026/04/Go-QuestX-Chatbot-thong-minh-HomeNest-Viet-Nam.png,public/images/projects/showcase-tong-hop/03-anh-collage-showcase.webp,"Tối thiểu 1600 × 1200 px (4:3), vùng an toàn giữa ảnh",WebP chất lượng 82–88,DA_REBRAND_VA_TICH_HOP,"Đã thay bằng ảnh giới thiệu trợ lý AI Winterfrost. Đã dựng lại giao diện Winterfrost, che hoàn toàn nhận diện cũ và giữ nguyên kích thước ảnh gốc."
DUAN-135,showcase-tong-hop,Ảnh trình bày dự án tổng hợp,Ảnh collage / showcase,6.png,https://image.homenest.software/wp-content/uploads/2026/03/6.png,public/images/projects/showcase-tong-hop/04-anh-collage-showcase.webp,"Tối thiểu 1600 × 1200 px (4:3), vùng an toàn giữa ảnh",WebP chất lượng 82–88,DA_REBRAND_VA_TICH_HOP,"Cần xác nhận đây là dự án thật trước khi dùng lại. Đã dựng lại giao diện Winterfrost, che hoàn toàn nhận diện cũ và giữ nguyên kích thước ảnh gốc."
DUAN-136,showcase-tong-hop,Ảnh trình bày dự án tổng hợp,Ảnh collage / showcase,2.png,https://image.homenest.software/wp-content/uploads/2026/03/2.png,public/images/projects/showcase-tong-hop/05-anh-collage-showcase.webp,"Tối thiểu 1600 × 1200 px (4:3), vùng an toàn giữa ảnh",WebP chất lượng 82–88,DA_REBRAND_VA_TICH_HOP,"Cần xác nhận đây là dự án thật trước khi dùng lại. Đã dựng lại giao diện Winterfrost, che hoàn toàn nhận diện cũ và giữ nguyên kích thước ảnh gốc."
DUAN-137,showcase-tong-hop,Ảnh trình bày dự án tổng hợp,Ảnh collage / showcase,7.png,https://image.homenest.software/wp-content/uploads/2026/03/7.png,public/images/projects/showcase-tong-hop/06-anh-collage-showcase.webp,"Tối thiểu 1600 × 1200 px (4:3), vùng an toàn giữa ảnh",WebP chất lượng 82–88,DA_REBRAND_VA_TICH_HOP,"Cần xác nhận đây là dự án thật trước khi dùng lại. Đã dựng lại giao diện Winterfrost, che hoàn toàn nhận diện cũ và giữ nguyên kích thước ảnh gốc."
DUAN-138,showcase-tong-hop,Ảnh trình bày dự án tổng hợp,Ảnh collage / showcase,4.png,https://image.homenest.software/wp-content/uploads/2026/03/4.png,public/images/projects/showcase-tong-hop/07-anh-collage-showcase.webp,"Tối thiểu 1600 × 1200 px (4:3), vùng an toàn giữa ảnh",WebP chất lượng 82–88,DA_REBRAND_VA_TICH_HOP,"Cần xác nhận đây là dự án thật trước khi dùng lại. Đã dựng lại giao diện Winterfrost, che hoàn toàn nhận diện cũ và giữ nguyên kích thước ảnh gốc."
DUAN-139,showcase-tong-hop,Ảnh trình bày dự án tổng hợp,Ảnh collage / showcase,1.jpg,https://image.homenest.software/wp-content/uploads/2026/03/1.jpg,public/images/projects/showcase-tong-hop/08-anh-collage-showcase.webp,"Tối thiểu 1600 × 1200 px (4:3), vùng an toàn giữa ảnh",WebP chất lượng 82–88,DA_REBRAND_VA_TICH_HOP,"Cần xác nhận đây là dự án thật trước khi dùng lại. Đã dựng lại giao diện Winterfrost, che hoàn toàn nhận diện cũ và giữ nguyên kích thước ảnh gốc."
DUAN-140,showcase-tong-hop,Ảnh trình bày dự án tổng hợp,Ảnh collage / showcase,5.png,https://image.homenest.software/wp-content/uploads/2026/03/5.png,public/images/projects/showcase-tong-hop/09-anh-collage-showcase.webp,"Tối thiểu 1600 × 1200 px (4:3), vùng an toàn giữa ảnh",WebP chất lượng 82–88,DA_REBRAND_VA_TICH_HOP,"Cần xác nhận đây là dự án thật trước khi dùng lại. Đã dựng lại giao diện Winterfrost, che hoàn toàn nhận diện cũ và giữ nguyên kích thước ảnh gốc."
DUAN-141,showcase-tong-hop,Ảnh trình bày dự án tổng hợp,Ảnh collage / showcase,8.png,https://image.homenest.software/wp-content/uploads/2026/03/8.png,public/images/projects/showcase-tong-hop/10-anh-collage-showcase.webp,"Tối thiểu 1600 × 1200 px (4:3), vùng an toàn giữa ảnh",WebP chất lượng 82–88,DA_REBRAND_VA_TICH_HOP,"Cần xác nhận đây là dự án thật trước khi dùng lại. Đã dựng lại giao diện Winterfrost, che hoàn toàn nhận diện cũ và giữ nguyên kích thước ảnh gốc."
DUAN-142,showcase-tong-hop,Ảnh trình bày dự án tổng hợp,Ảnh collage / showcase,3.png,https://image.homenest.software/wp-content/uploads/2026/03/3.png,public/images/projects/showcase-tong-hop/11-anh-collage-showcase.webp,"Tối thiểu 1600 × 1200 px (4:3), vùng an toàn giữa ảnh",WebP chất lượng 82–88,DA_REBRAND_VA_TICH_HOP,"Cần xác nhận đây là dự án thật trước khi dùng lại. Đã dựng lại giao diện Winterfrost, che hoàn toàn nhận diện cũ và giữ nguyên kích thước ảnh gốc."
DUAN-143,showcase-tong-hop,Ảnh trình bày dự án tổng hợp,Ảnh collage / showcase,9.png,https://image.homenest.software/wp-content/uploads/2026/03/9.png,public/images/projects/showcase-tong-hop/12-anh-collage-showcase.webp,"Tối thiểu 1600 × 1200 px (4:3), vùng an toàn giữa ảnh",WebP chất lượng 82–88,DA_REBRAND_VA_TICH_HOP,"Đã chuyển về kho nội bộ và phủ nhận diện Winterfrost. Đã dựng lại giao diện Winterfrost, che hoàn toàn nhận diện cũ và giữ nguyên kích thước ảnh gốc."
DUAN-144,showcase-tong-hop,Ảnh trình bày dự án tổng hợp,Ảnh collage / showcase,Website-Level-Trip-Banner-HomeNest-Viet-Nam.jpg,https://image.homenest.com.vn/wp-content/uploads/2026/05/Website-Level-Trip-Banner-HomeNest-Viet-Nam.jpg,public/images/projects/showcase-tong-hop/13-anh-collage-showcase.webp,"Tối thiểu 1600 × 1200 px (4:3), vùng an toàn giữa ảnh",WebP chất lượng 82–88,DA_REBRAND_VA_TICH_HOP,"Cần xác nhận đây là dự án thật trước khi dùng lại. Đã dựng lại giao diện Winterfrost, che hoàn toàn nhận diện cũ và giữ nguyên kích thước ảnh gốc."
DUAN-145,showcase-tong-hop,Ảnh trình bày dự án tổng hợp,Ảnh collage / showcase,App-Lover_s-Lawn-Banner-HomeNest-Viet-Nam.jpg,https://image.homenest.com.vn/wp-content/uploads/2026/05/App-Lover_s-Lawn-Banner-HomeNest-Viet-Nam.jpg,public/images/projects/showcase-tong-hop/14-anh-collage-showcase.webp,"Tối thiểu 1600 × 1200 px (4:3), vùng an toàn giữa ảnh",WebP chất lượng 82–88,DA_REBRAND_VA_TICH_HOP,"Cần xác nhận đây là dự án thật trước khi dùng lại. Đã dựng lại giao diện Winterfrost, che hoàn toàn nhận diện cũ và giữ nguyên kích thước ảnh gốc."
DUAN-146,showcase-tong-hop,Ảnh trình bày dự án tổng hợp,Ảnh collage / showcase,Website-Paint-More-Banner-HomeNest-Viet-Nam.jpg,https://image.homenest.com.vn/wp-content/uploads/2026/05/Website-Paint-More-Banner-HomeNest-Viet-Nam.jpg,public/images/projects/showcase-tong-hop/15-anh-collage-showcase.webp,"Tối thiểu 1600 × 1200 px (4:3), vùng an toàn giữa ảnh",WebP chất lượng 82–88,DA_REBRAND_VA_TICH_HOP,"Cần xác nhận đây là dự án thật trước khi dùng lại. Đã dựng lại giao diện Winterfrost, che hoàn toàn nhận diện cũ và giữ nguyên kích thước ảnh gốc."
DUAN-147,showcase-tong-hop,Ảnh trình bày dự án tổng hợp,Ảnh collage / showcase,App-Vietplus-Banner-HomeNest-Viet-Nam.jpg,https://image.homenest.com.vn/wp-content/uploads/2026/05/App-Vietplus-Banner-HomeNest-Viet-Nam.jpg,public/images/projects/showcase-tong-hop/16-anh-collage-showcase.webp,"Tối thiểu 1600 × 1200 px (4:3), vùng an toàn giữa ảnh",WebP chất lượng 82–88,DA_TAO_VA_TICH_HOP,"Đã thay bằng ảnh dự án Nivora Connect, không còn nhận diện dự án cũ."
