stt,nhom,vai_tro,duong_dan_website,duong_dan_tap_tin,dinh_dang,kich_thuoc_px,dung_luong_kb,trang_thai
1,Thương hiệu SoftBuild,Tài sản hình ảnh SoftBuild,/images/brand/softbuild/contact/zalo.png,public/images/brand/softbuild/contact/zalo.png,PNG,112 × 112,11,DA_TICH_HOP
2,Thương hiệu SoftBuild,Tài sản hình ảnh SoftBuild,/images/brand/softbuild/hero/softbuild-pillar.png,public/images/brand/softbuild/hero/softbuild-pillar.png,PNG,250 × 718,145,DA_TICH_HOP
3,Thương hiệu SoftBuild,Tài sản hình ảnh SoftBuild,/images/brand/softbuild/hero/softbuild-platform.png,public/images/brand/softbuild/hero/softbuild-platform.png,PNG,400 × 280,92,DA_TICH_HOP
4,Thương hiệu SoftBuild,Tài sản hình ảnh SoftBuild,/images/brand/softbuild/softbuild-banner.jpg,public/images/brand/softbuild/softbuild-banner.jpg,JPEG,1508 × 1196,75,DA_TICH_HOP
5,Thương hiệu SoftBuild,Tài sản hình ảnh SoftBuild,/images/brand/softbuild/softbuild-logo-source.jpg,public/images/brand/softbuild/softbuild-logo-source.jpg,JPEG,1004 × 975,76,DA_TICH_HOP
6,Thương hiệu SoftBuild,Biểu tượng SoftBuild,/images/brand/softbuild/softbuild-symbol-transparent.png,public/images/brand/softbuild/softbuild-symbol-transparent.png,PNG,1004 × 975,671,DA_TICH_HOP
7,Thương hiệu SoftBuild,Logo chữ SoftBuild,/images/brand/softbuild/softbuild-wordmark.png,public/images/brand/softbuild/softbuild-wordmark.png,PNG,520 × 128,23,DA_TICH_HOP
8,Dự án và thương hiệu khách hàng,Ảnh bìa dự án,/images/projects/aeromint-cleanroom/01-anh-bia-du-an.webp,public/images/projects/aeromint-cleanroom/01-anh-bia-du-an.webp,WEBP,963 × 557,10,DA_TICH_HOP
9,Dự án và thương hiệu khách hàng,Màn hình hoặc ảnh chi tiết dự án,/images/projects/aeromint-cleanroom/02-man-hinh-website.webp,public/images/projects/aeromint-cleanroom/02-man-hinh-website.webp,WEBP,1905 × 1080,22,DA_TICH_HOP
10,Dự án và thương hiệu khách hàng,Màn hình hoặc ảnh chi tiết dự án,/images/projects/aeromint-cleanroom/03-man-hinh-website.webp,public/images/projects/aeromint-cleanroom/03-man-hinh-website.webp,WEBP,1901 × 1079,23,DA_TICH_HOP
11,Dự án và thương hiệu khách hàng,Màn hình hoặc ảnh chi tiết dự án,/images/projects/aeromint-cleanroom/04-man-hinh-website.webp,public/images/projects/aeromint-cleanroom/04-man-hinh-website.webp,WEBP,1898 × 1080,23,DA_TICH_HOP
12,Dự án và thương hiệu khách hàng,Màn hình hoặc ảnh chi tiết dự án,/images/projects/aeromint-cleanroom/05-man-hinh-website.webp,public/images/projects/aeromint-cleanroom/05-man-hinh-website.webp,WEBP,1898 × 1080,23,DA_TICH_HOP
13,Dự án và thương hiệu khách hàng,Màn hình hoặc ảnh chi tiết dự án,/images/projects/aeromint-cleanroom/06-man-hinh-website.webp,public/images/projects/aeromint-cleanroom/06-man-hinh-website.webp,WEBP,1906 × 1080,22,DA_TICH_HOP
14,Dự án và thương hiệu khách hàng,Màn hình hoặc ảnh chi tiết dự án,/images/projects/aeromint-cleanroom/07-man-hinh-website.webp,public/images/projects/aeromint-cleanroom/07-man-hinh-website.webp,WEBP,1896 × 1079,23,DA_TICH_HOP
15,Dự án và thương hiệu khách hàng,Biểu tượng dự án,/images/projects/aeromint-cleanroom/brand/symbol.png,public/images/projects/aeromint-cleanroom/brand/symbol.png,PNG,256 × 256,10,DA_TICH_HOP
16,Dự án và thương hiệu khách hàng,Màn hình hoặc ảnh chi tiết dự án,/images/projects/aeromint-cleanroom/brand/symbol.svg,public/images/projects/aeromint-cleanroom/brand/symbol.svg,SVG,256 × 256,1,DA_TICH_HOP
17,Dự án và thương hiệu khách hàng,Logo chữ dự án,/images/projects/aeromint-cleanroom/brand/wordmark.png,public/images/projects/aeromint-cleanroom/brand/wordmark.png,PNG,1000 × 256,22,DA_TICH_HOP
18,Dự án và thương hiệu khách hàng,Màn hình hoặc ảnh chi tiết dự án,/images/projects/aeromint-cleanroom/brand/wordmark.svg,public/images/projects/aeromint-cleanroom/brand/wordmark.svg,SVG,1000 × 256,1,DA_TICH_HOP
19,Dự án và thương hiệu khách hàng,Ảnh bìa dự án,/images/projects/app-grevia-lawn/01-anh-bia-du-an.webp,public/images/projects/app-grevia-lawn/01-anh-bia-du-an.webp,WEBP,1209 × 682,12,DA_TICH_HOP
20,Dự án và thương hiệu khách hàng,Màn hình hoặc ảnh chi tiết dự án,/images/projects/app-grevia-lawn/02-man-hinh-ung-dung.webp,public/images/projects/app-grevia-lawn/02-man-hinh-ung-dung.webp,WEBP,934 × 2021,23,DA_TICH_HOP
21,Dự án và thương hiệu khách hàng,Màn hình hoặc ảnh chi tiết dự án,/images/projects/app-grevia-lawn/03-man-hinh-ung-dung.webp,public/images/projects/app-grevia-lawn/03-man-hinh-ung-dung.webp,WEBP,934 × 2021,23,DA_TICH_HOP
22,Dự án và thương hiệu khách hàng,Màn hình hoặc ảnh chi tiết dự án,/images/projects/app-grevia-lawn/04-man-hinh-ung-dung.webp,public/images/projects/app-grevia-lawn/04-man-hinh-ung-dung.webp,WEBP,934 × 2021,23,DA_TICH_HOP
23,Dự án và thương hiệu khách hàng,Màn hình hoặc ảnh chi tiết dự án,/images/projects/app-grevia-lawn/05-man-hinh-ung-dung.webp,public/images/projects/app-grevia-lawn/05-man-hinh-ung-dung.webp,WEBP,934 × 2021,23,DA_TICH_HOP
24,Dự án và thương hiệu khách hàng,Màn hình hoặc ảnh chi tiết dự án,/images/projects/app-grevia-lawn/06-man-hinh-ung-dung.webp,public/images/projects/app-grevia-lawn/06-man-hinh-ung-dung.webp,WEBP,934 × 2021,23,DA_TICH_HOP
25,Dự án và thương hiệu khách hàng,Biểu tượng dự án,/images/projects/app-grevia-lawn/brand/symbol.png,public/images/projects/app-grevia-lawn/brand/symbol.png,PNG,256 × 256,11,DA_TICH_HOP
26,Dự án và thương hiệu khách hàng,Màn hình hoặc ảnh chi tiết dự án,/images/projects/app-grevia-lawn/brand/symbol.svg,public/images/projects/app-grevia-lawn/brand/symbol.svg,SVG,256 × 256,1,DA_TICH_HOP
27,Dự án và thương hiệu khách hàng,Logo chữ dự án,/images/projects/app-grevia-lawn/brand/wordmark.png,public/images/projects/app-grevia-lawn/brand/wordmark.png,PNG,1000 × 256,26,DA_TICH_HOP
28,Dự án và thương hiệu khách hàng,Màn hình hoặc ảnh chi tiết dự án,/images/projects/app-grevia-lawn/brand/wordmark.svg,public/images/projects/app-grevia-lawn/brand/wordmark.svg,SVG,1000 × 256,1,DA_TICH_HOP
29,Dự án và thương hiệu khách hàng,Màn hình hoặc ảnh chi tiết dự án,/images/projects/gioi-thieu-nang-luc/01-man-hinh-mobile-1.webp,public/images/projects/gioi-thieu-nang-luc/01-man-hinh-mobile-1.webp,WEBP,856 × 1852,69,DA_TICH_HOP
30,Dự án và thương hiệu khách hàng,Màn hình hoặc ảnh chi tiết dự án,/images/projects/gioi-thieu-nang-luc/02-man-hinh-mobile-2.webp,public/images/projects/gioi-thieu-nang-luc/02-man-hinh-mobile-2.webp,WEBP,856 × 1852,56,DA_TICH_HOP
31,Dự án và thương hiệu khách hàng,Màn hình hoặc ảnh chi tiết dự án,/images/projects/gioi-thieu-nang-luc/03-man-hinh-mobile-3.webp,public/images/projects/gioi-thieu-nang-luc/03-man-hinh-mobile-3.webp,WEBP,856 × 1852,59,DA_TICH_HOP
32,Dự án và thương hiệu khách hàng,Tệp master,/images/projects/nivora-connect/01-cover-master.png,public/images/projects/nivora-connect/01-cover-master.png,PNG,1672 × 941,2142,MASTER_LUU_TRU
33,Dự án và thương hiệu khách hàng,Ảnh bìa dự án,/images/projects/nivora-connect/01-cover.webp,public/images/projects/nivora-connect/01-cover.webp,WEBP,1920 × 1080,239,DA_TICH_HOP
34,Dự án và thương hiệu khách hàng,Tệp master,/images/projects/nivora-connect/02-messaging-master.png,public/images/projects/nivora-connect/02-messaging-master.png,PNG,853 × 1844,793,MASTER_LUU_TRU
35,Dự án và thương hiệu khách hàng,Màn hình hoặc ảnh chi tiết dự án,/images/projects/nivora-connect/02-messaging.webp,public/images/projects/nivora-connect/02-messaging.webp,WEBP,934 × 2021,43,DA_TICH_HOP
36,Dự án và thương hiệu khách hàng,Tệp master,/images/projects/nivora-connect/03-housing-master.png,public/images/projects/nivora-connect/03-housing-master.png,PNG,853 × 1844,990,MASTER_LUU_TRU
37,Dự án và thương hiệu khách hàng,Màn hình hoặc ảnh chi tiết dự án,/images/projects/nivora-connect/03-housing.webp,public/images/projects/nivora-connect/03-housing.webp,WEBP,934 × 2021,68,DA_TICH_HOP
38,Dự án và thương hiệu khách hàng,Tệp master,/images/projects/nivora-connect/04-login-master.png,public/images/projects/nivora-connect/04-login-master.png,PNG,853 × 1844,810,MASTER_LUU_TRU
39,Dự án và thương hiệu khách hàng,Màn hình hoặc ảnh chi tiết dự án,/images/projects/nivora-connect/04-login.webp,public/images/projects/nivora-connect/04-login.webp,WEBP,934 × 2021,32,DA_TICH_HOP
40,Dự án và thương hiệu khách hàng,Tệp master,/images/projects/nivora-connect/05-home-master.png,public/images/projects/nivora-connect/05-home-master.png,PNG,853 × 1844,1084,MASTER_LUU_TRU
41,Dự án và thương hiệu khách hàng,Màn hình hoặc ảnh chi tiết dự án,/images/projects/nivora-connect/05-home.webp,public/images/projects/nivora-connect/05-home.webp,WEBP,934 × 2021,91,DA_TICH_HOP
42,Dự án và thương hiệu khách hàng,Tệp master,/images/projects/nivora-connect/06-community-master.png,public/images/projects/nivora-connect/06-community-master.png,PNG,853 × 1844,1167,MASTER_LUU_TRU
43,Dự án và thương hiệu khách hàng,Màn hình hoặc ảnh chi tiết dự án,/images/projects/nivora-connect/06-community.webp,public/images/projects/nivora-connect/06-community.webp,WEBP,934 × 2021,109,DA_TICH_HOP
44,Dự án và thương hiệu khách hàng,Màn hình hoặc ảnh chi tiết dự án,/images/projects/nivora-connect/brand/nivora-symbol.png,public/images/projects/nivora-connect/brand/nivora-symbol.png,PNG,1024 × 1024,75,DA_TICH_HOP
45,Dự án và thương hiệu khách hàng,Màn hình hoặc ảnh chi tiết dự án,/images/projects/nivora-connect/brand/nivora-symbol.svg,public/images/projects/nivora-connect/brand/nivora-symbol.svg,SVG,512 × 512,1,DA_TICH_HOP
46,Dự án và thương hiệu khách hàng,Logo chữ dự án,/images/projects/nivora-connect/brand/wordmark.png,public/images/projects/nivora-connect/brand/wordmark.png,PNG,720 × 160,27,DA_TICH_HOP
47,Dự án và thương hiệu khách hàng,Màn hình hoặc ảnh chi tiết dự án,/images/projects/showcase-tong-hop/01-anh-collage-showcase.webp,public/images/projects/showcase-tong-hop/01-anh-collage-showcase.webp,WEBP,798 × 498,9,DA_TICH_HOP
48,Dự án và thương hiệu khách hàng,Màn hình hoặc ảnh chi tiết dự án,/images/projects/showcase-tong-hop/02-anh-collage-showcase.webp,public/images/projects/showcase-tong-hop/02-anh-collage-showcase.webp,WEBP,672 × 1080,14,DA_TICH_HOP
49,Dự án và thương hiệu khách hàng,Màn hình hoặc ảnh chi tiết dự án,/images/projects/showcase-tong-hop/03-anh-collage-showcase.webp,public/images/projects/showcase-tong-hop/03-anh-collage-showcase.webp,WEBP,160 × 160,4,DA_TICH_HOP
50,Dự án và thương hiệu khách hàng,Màn hình hoặc ảnh chi tiết dự án,/images/projects/showcase-tong-hop/04-anh-collage-showcase.webp,public/images/projects/showcase-tong-hop/04-anh-collage-showcase.webp,WEBP,512 × 384,6,DA_TICH_HOP
51,Dự án và thương hiệu khách hàng,Màn hình hoặc ảnh chi tiết dự án,/images/projects/showcase-tong-hop/05-anh-collage-showcase.webp,public/images/projects/showcase-tong-hop/05-anh-collage-showcase.webp,WEBP,512 × 384,6,DA_TICH_HOP
52,Dự án và thương hiệu khách hàng,Màn hình hoặc ảnh chi tiết dự án,/images/projects/showcase-tong-hop/06-anh-collage-showcase.webp,public/images/projects/showcase-tong-hop/06-anh-collage-showcase.webp,WEBP,512 × 384,6,DA_TICH_HOP
53,Dự án và thương hiệu khách hàng,Màn hình hoặc ảnh chi tiết dự án,/images/projects/showcase-tong-hop/07-anh-collage-showcase.webp,public/images/projects/showcase-tong-hop/07-anh-collage-showcase.webp,WEBP,512 × 384,6,DA_TICH_HOP
54,Dự án và thương hiệu khách hàng,Màn hình hoặc ảnh chi tiết dự án,/images/projects/showcase-tong-hop/08-anh-collage-showcase.webp,public/images/projects/showcase-tong-hop/08-anh-collage-showcase.webp,WEBP,1024 × 695,12,DA_TICH_HOP
55,Dự án và thương hiệu khách hàng,Màn hình hoặc ảnh chi tiết dự án,/images/projects/showcase-tong-hop/09-anh-collage-showcase.webp,public/images/projects/showcase-tong-hop/09-anh-collage-showcase.webp,WEBP,512 × 384,7,DA_TICH_HOP
56,Dự án và thương hiệu khách hàng,Màn hình hoặc ảnh chi tiết dự án,/images/projects/showcase-tong-hop/10-anh-collage-showcase.webp,public/images/projects/showcase-tong-hop/10-anh-collage-showcase.webp,WEBP,512 × 384,7,DA_TICH_HOP
57,Dự án và thương hiệu khách hàng,Màn hình hoặc ảnh chi tiết dự án,/images/projects/showcase-tong-hop/11-anh-collage-showcase.webp,public/images/projects/showcase-tong-hop/11-anh-collage-showcase.webp,WEBP,512 × 384,7,DA_TICH_HOP
58,Dự án và thương hiệu khách hàng,Màn hình hoặc ảnh chi tiết dự án,/images/projects/showcase-tong-hop/12-anh-collage-showcase.webp,public/images/projects/showcase-tong-hop/12-anh-collage-showcase.webp,WEBP,512 × 384,7,DA_TICH_HOP
59,Dự án và thương hiệu khách hàng,Màn hình hoặc ảnh chi tiết dự án,/images/projects/showcase-tong-hop/13-anh-collage-showcase.webp,public/images/projects/showcase-tong-hop/13-anh-collage-showcase.webp,WEBP,1000 × 1000,17,DA_TICH_HOP
60,Dự án và thương hiệu khách hàng,Màn hình hoặc ảnh chi tiết dự án,/images/projects/showcase-tong-hop/14-anh-collage-showcase.webp,public/images/projects/showcase-tong-hop/14-anh-collage-showcase.webp,WEBP,1000 × 1000,17,DA_TICH_HOP
61,Dự án và thương hiệu khách hàng,Màn hình hoặc ảnh chi tiết dự án,/images/projects/showcase-tong-hop/15-anh-collage-showcase.webp,public/images/projects/showcase-tong-hop/15-anh-collage-showcase.webp,WEBP,1000 × 1000,17,DA_TICH_HOP
62,Dự án và thương hiệu khách hàng,Màn hình hoặc ảnh chi tiết dự án,/images/projects/showcase-tong-hop/16-anh-collage-showcase.webp,public/images/projects/showcase-tong-hop/16-anh-collage-showcase.webp,WEBP,1600 × 1200,165,DA_TICH_HOP
63,Dự án và thương hiệu khách hàng,Ảnh bìa dự án,/images/projects/website-arcvera-construction/01-anh-bia-du-an.webp,public/images/projects/website-arcvera-construction/01-anh-bia-du-an.webp,WEBP,1080 × 1080,17,DA_TICH_HOP
64,Dự án và thương hiệu khách hàng,Biểu tượng dự án,/images/projects/website-arcvera-construction/brand/symbol.png,public/images/projects/website-arcvera-construction/brand/symbol.png,PNG,256 × 256,10,DA_TICH_HOP
65,Dự án và thương hiệu khách hàng,Màn hình hoặc ảnh chi tiết dự án,/images/projects/website-arcvera-construction/brand/symbol.svg,public/images/projects/website-arcvera-construction/brand/symbol.svg,SVG,256 × 256,1,DA_TICH_HOP
66,Dự án và thương hiệu khách hàng,Logo chữ dự án,/images/projects/website-arcvera-construction/brand/wordmark.png,public/images/projects/website-arcvera-construction/brand/wordmark.png,PNG,1000 × 256,27,DA_TICH_HOP
67,Dự án và thương hiệu khách hàng,Màn hình hoặc ảnh chi tiết dự án,/images/projects/website-arcvera-construction/brand/wordmark.svg,public/images/projects/website-arcvera-construction/brand/wordmark.svg,SVG,1000 × 256,1,DA_TICH_HOP
68,Dự án và thương hiệu khách hàng,Ảnh bìa dự án,/images/projects/website-auriva-land/01-anh-bia-du-an.webp,public/images/projects/website-auriva-land/01-anh-bia-du-an.webp,WEBP,1080 × 1350,20,DA_TICH_HOP
69,Dự án và thương hiệu khách hàng,Biểu tượng dự án,/images/projects/website-auriva-land/brand/symbol.png,public/images/projects/website-auriva-land/brand/symbol.png,PNG,256 × 256,8,DA_TICH_HOP
70,Dự án và thương hiệu khách hàng,Màn hình hoặc ảnh chi tiết dự án,/images/projects/website-auriva-land/brand/symbol.svg,public/images/projects/website-auriva-land/brand/symbol.svg,SVG,256 × 256,1,DA_TICH_HOP
71,Dự án và thương hiệu khách hàng,Logo chữ dự án,/images/projects/website-auriva-land/brand/wordmark.png,public/images/projects/website-auriva-land/brand/wordmark.png,PNG,1000 × 256,21,DA_TICH_HOP
72,Dự án và thương hiệu khách hàng,Màn hình hoặc ảnh chi tiết dự án,/images/projects/website-auriva-land/brand/wordmark.svg,public/images/projects/website-auriva-land/brand/wordmark.svg,SVG,1000 × 256,1,DA_TICH_HOP
73,Dự án và thương hiệu khách hàng,Ảnh bìa dự án,/images/projects/website-brewvia/01-anh-bia-du-an.webp,public/images/projects/website-brewvia/01-anh-bia-du-an.webp,WEBP,1200 × 1200,18,DA_TICH_HOP
74,Dự án và thương hiệu khách hàng,Biểu tượng dự án,/images/projects/website-brewvia/brand/symbol.png,public/images/projects/website-brewvia/brand/symbol.png,PNG,256 × 256,11,DA_TICH_HOP
75,Dự án và thương hiệu khách hàng,Màn hình hoặc ảnh chi tiết dự án,/images/projects/website-brewvia/brand/symbol.svg,public/images/projects/website-brewvia/brand/symbol.svg,SVG,256 × 256,1,DA_TICH_HOP
76,Dự án và thương hiệu khách hàng,Logo chữ dự án,/images/projects/website-brewvia/brand/wordmark.png,public/images/projects/website-brewvia/brand/wordmark.png,PNG,1000 × 256,23,DA_TICH_HOP
77,Dự án và thương hiệu khách hàng,Màn hình hoặc ảnh chi tiết dự án,/images/projects/website-brewvia/brand/wordmark.svg,public/images/projects/website-brewvia/brand/wordmark.svg,SVG,1000 × 256,1,DA_TICH_HOP
78,Dự án và thương hiệu khách hàng,Ảnh bìa dự án,/images/projects/website-bytevera/01-anh-bia-du-an.webp,public/images/projects/website-bytevera/01-anh-bia-du-an.webp,WEBP,2000 × 1128,26,DA_TICH_HOP
79,Dự án và thương hiệu khách hàng,Biểu tượng dự án,/images/projects/website-bytevera/brand/symbol.png,public/images/projects/website-bytevera/brand/symbol.png,PNG,256 × 256,11,DA_TICH_HOP
80,Dự án và thương hiệu khách hàng,Màn hình hoặc ảnh chi tiết dự án,/images/projects/website-bytevera/brand/symbol.svg,public/images/projects/website-bytevera/brand/symbol.svg,SVG,256 × 256,1,DA_TICH_HOP
81,Dự án và thương hiệu khách hàng,Logo chữ dự án,/images/projects/website-bytevera/brand/wordmark.png,public/images/projects/website-bytevera/brand/wordmark.png,PNG,1000 × 256,24,DA_TICH_HOP
82,Dự án và thương hiệu khách hàng,Màn hình hoặc ảnh chi tiết dự án,/images/projects/website-bytevera/brand/wordmark.svg,public/images/projects/website-bytevera/brand/wordmark.svg,SVG,1000 × 256,1,DA_TICH_HOP
83,Dự án và thương hiệu khách hàng,Ảnh bìa dự án,/images/projects/website-candella-works/01-anh-bia-du-an.webp,public/images/projects/website-candella-works/01-anh-bia-du-an.webp,WEBP,2000 × 1127,25,DA_TICH_HOP
84,Dự án và thương hiệu khách hàng,Biểu tượng dự án,/images/projects/website-candella-works/brand/symbol.png,public/images/projects/website-candella-works/brand/symbol.png,PNG,256 × 256,8,DA_TICH_HOP
85,Dự án và thương hiệu khách hàng,Màn hình hoặc ảnh chi tiết dự án,/images/projects/website-candella-works/brand/symbol.svg,public/images/projects/website-candella-works/brand/symbol.svg,SVG,256 × 256,1,DA_TICH_HOP
86,Dự án và thương hiệu khách hàng,Logo chữ dự án,/images/projects/website-candella-works/brand/wordmark.png,public/images/projects/website-candella-works/brand/wordmark.png,PNG,1000 × 256,24,DA_TICH_HOP
87,Dự án và thương hiệu khách hàng,Màn hình hoặc ảnh chi tiết dự án,/images/projects/website-candella-works/brand/wordmark.svg,public/images/projects/website-candella-works/brand/wordmark.svg,SVG,1000 × 256,1,DA_TICH_HOP
88,Dự án và thương hiệu khách hàng,Ảnh bìa dự án,/images/projects/website-ceranova/01-anh-bia-du-an.webp,public/images/projects/website-ceranova/01-anh-bia-du-an.webp,WEBP,1901 × 844,17,DA_TICH_HOP
89,Dự án và thương hiệu khách hàng,Màn hình hoặc ảnh chi tiết dự án,/images/projects/website-ceranova/02-man-hinh-website.webp,public/images/projects/website-ceranova/02-man-hinh-website.webp,WEBP,1899 × 842,17,DA_TICH_HOP
90,Dự án và thương hiệu khách hàng,Màn hình hoặc ảnh chi tiết dự án,/images/projects/website-ceranova/03-man-hinh-website.webp,public/images/projects/website-ceranova/03-man-hinh-website.webp,WEBP,1894 × 844,18,DA_TICH_HOP
91,Dự án và thương hiệu khách hàng,Màn hình hoặc ảnh chi tiết dự án,/images/projects/website-ceranova/04-man-hinh-website.webp,public/images/projects/website-ceranova/04-man-hinh-website.webp,WEBP,1700 × 846,17,DA_TICH_HOP
92,Dự án và thương hiệu khách hàng,Biểu tượng dự án,/images/projects/website-ceranova/brand/symbol.png,public/images/projects/website-ceranova/brand/symbol.png,PNG,256 × 256,11,DA_TICH_HOP
93,Dự án và thương hiệu khách hàng,Màn hình hoặc ảnh chi tiết dự án,/images/projects/website-ceranova/brand/symbol.svg,public/images/projects/website-ceranova/brand/symbol.svg,SVG,256 × 256,1,DA_TICH_HOP
94,Dự án và thương hiệu khách hàng,Logo chữ dự án,/images/projects/website-ceranova/brand/wordmark.png,public/images/projects/website-ceranova/brand/wordmark.png,PNG,1000 × 256,25,DA_TICH_HOP
95,Dự án và thương hiệu khách hàng,Màn hình hoặc ảnh chi tiết dự án,/images/projects/website-ceranova/brand/wordmark.svg,public/images/projects/website-ceranova/brand/wordmark.svg,SVG,1000 × 256,1,DA_TICH_HOP
96,Dự án và thương hiệu khách hàng,Ảnh bìa dự án,/images/projects/website-chromiva-coatings/01-anh-bia-du-an.webp,public/images/projects/website-chromiva-coatings/01-anh-bia-du-an.webp,WEBP,2000 × 1126,29,DA_TICH_HOP
97,Dự án và thương hiệu khách hàng,Màn hình hoặc ảnh chi tiết dự án,/images/projects/website-chromiva-coatings/02-man-hinh-website.webp,public/images/projects/website-chromiva-coatings/02-man-hinh-website.webp,WEBP,1888 × 1080,27,DA_TICH_HOP
98,Dự án và thương hiệu khách hàng,Màn hình hoặc ảnh chi tiết dự án,/images/projects/website-chromiva-coatings/03-man-hinh-website.webp,public/images/projects/website-chromiva-coatings/03-man-hinh-website.webp,WEBP,1920 × 1080,26,DA_TICH_HOP
99,Dự án và thương hiệu khách hàng,Màn hình hoặc ảnh chi tiết dự án,/images/projects/website-chromiva-coatings/04-man-hinh-website.webp,public/images/projects/website-chromiva-coatings/04-man-hinh-website.webp,WEBP,1891 × 1080,26,DA_TICH_HOP
100,Dự án và thương hiệu khách hàng,Màn hình hoặc ảnh chi tiết dự án,/images/projects/website-chromiva-coatings/05-man-hinh-website.webp,public/images/projects/website-chromiva-coatings/05-man-hinh-website.webp,WEBP,1920 × 1080,27,DA_TICH_HOP
101,Dự án và thương hiệu khách hàng,Màn hình hoặc ảnh chi tiết dự án,/images/projects/website-chromiva-coatings/06-man-hinh-website.webp,public/images/projects/website-chromiva-coatings/06-man-hinh-website.webp,WEBP,1892 × 1080,26,DA_TICH_HOP
102,Dự án và thương hiệu khách hàng,Màn hình hoặc ảnh chi tiết dự án,/images/projects/website-chromiva-coatings/07-man-hinh-website.webp,public/images/projects/website-chromiva-coatings/07-man-hinh-website.webp,WEBP,1880 × 1080,26,DA_TICH_HOP
103,Dự án và thương hiệu khách hàng,Biểu tượng dự án,/images/projects/website-chromiva-coatings/brand/symbol.png,public/images/projects/website-chromiva-coatings/brand/symbol.png,PNG,256 × 256,11,DA_TICH_HOP
104,Dự án và thương hiệu khách hàng,Màn hình hoặc ảnh chi tiết dự án,/images/projects/website-chromiva-coatings/brand/symbol.svg,public/images/projects/website-chromiva-coatings/brand/symbol.svg,SVG,256 × 256,1,DA_TICH_HOP
105,Dự án và thương hiệu khách hàng,Logo chữ dự án,/images/projects/website-chromiva-coatings/brand/wordmark.png,public/images/projects/website-chromiva-coatings/brand/wordmark.png,PNG,1000 × 256,28,DA_TICH_HOP
106,Dự án và thương hiệu khách hàng,Màn hình hoặc ảnh chi tiết dự án,/images/projects/website-chromiva-coatings/brand/wordmark.svg,public/images/projects/website-chromiva-coatings/brand/wordmark.svg,SVG,1000 × 256,1,DA_TICH_HOP
107,Dự án và thương hiệu khách hàng,Ảnh bìa dự án,/images/projects/website-dentavera/01-anh-bia-du-an.webp,public/images/projects/website-dentavera/01-anh-bia-du-an.webp,WEBP,1109 × 679,13,DA_TICH_HOP
108,Dự án và thương hiệu khách hàng,Màn hình hoặc ảnh chi tiết dự án,/images/projects/website-dentavera/02-man-hinh-website.webp,public/images/projects/website-dentavera/02-man-hinh-website.webp,WEBP,1900 × 1079,25,DA_TICH_HOP
109,Dự án và thương hiệu khách hàng,Màn hình hoặc ảnh chi tiết dự án,/images/projects/website-dentavera/03-man-hinh-website.webp,public/images/projects/website-dentavera/03-man-hinh-website.webp,WEBP,1897 × 1079,24,DA_TICH_HOP
110,Dự án và thương hiệu khách hàng,Màn hình hoặc ảnh chi tiết dự án,/images/projects/website-dentavera/04-man-hinh-website.webp,public/images/projects/website-dentavera/04-man-hinh-website.webp,WEBP,1893 × 1080,25,DA_TICH_HOP
111,Dự án và thương hiệu khách hàng,Màn hình hoặc ảnh chi tiết dự án,/images/projects/website-dentavera/05-man-hinh-website.webp,public/images/projects/website-dentavera/05-man-hinh-website.webp,WEBP,1888 × 1080,24,DA_TICH_HOP
112,Dự án và thương hiệu khách hàng,Màn hình hoặc ảnh chi tiết dự án,/images/projects/website-dentavera/06-man-hinh-website.webp,public/images/projects/website-dentavera/06-man-hinh-website.webp,WEBP,1888 × 1080,25,DA_TICH_HOP
113,Dự án và thương hiệu khách hàng,Màn hình hoặc ảnh chi tiết dự án,/images/projects/website-dentavera/07-man-hinh-website.webp,public/images/projects/website-dentavera/07-man-hinh-website.webp,WEBP,1884 × 1079,25,DA_TICH_HOP
114,Dự án và thương hiệu khách hàng,Biểu tượng dự án,/images/projects/website-dentavera/brand/symbol.png,public/images/projects/website-dentavera/brand/symbol.png,PNG,256 × 256,10,DA_TICH_HOP
115,Dự án và thương hiệu khách hàng,Màn hình hoặc ảnh chi tiết dự án,/images/projects/website-dentavera/brand/symbol.svg,public/images/projects/website-dentavera/brand/symbol.svg,SVG,256 × 256,1,DA_TICH_HOP
116,Dự án và thương hiệu khách hàng,Logo chữ dự án,/images/projects/website-dentavera/brand/wordmark.png,public/images/projects/website-dentavera/brand/wordmark.png,PNG,1000 × 256,22,DA_TICH_HOP
117,Dự án và thương hiệu khách hàng,Màn hình hoặc ảnh chi tiết dự án,/images/projects/website-dentavera/brand/wordmark.svg,public/images/projects/website-dentavera/brand/wordmark.svg,SVG,1000 × 256,1,DA_TICH_HOP
118,Dự án và thương hiệu khách hàng,Ảnh bìa dự án,/images/projects/website-edunora/01-anh-bia-du-an.webp,public/images/projects/website-edunora/01-anh-bia-du-an.webp,WEBP,1898 × 845,20,DA_TICH_HOP
119,Dự án và thương hiệu khách hàng,Màn hình hoặc ảnh chi tiết dự án,/images/projects/website-edunora/02-man-hinh-website.webp,public/images/projects/website-edunora/02-man-hinh-website.webp,WEBP,1898 × 841,18,DA_TICH_HOP
120,Dự án và thương hiệu khách hàng,Màn hình hoặc ảnh chi tiết dự án,/images/projects/website-edunora/03-man-hinh-website.webp,public/images/projects/website-edunora/03-man-hinh-website.webp,WEBP,1902 × 842,18,DA_TICH_HOP
121,Dự án và thương hiệu khách hàng,Màn hình hoặc ảnh chi tiết dự án,/images/projects/website-edunora/04-man-hinh-website.webp,public/images/projects/website-edunora/04-man-hinh-website.webp,WEBP,1902 × 844,18,DA_TICH_HOP
122,Dự án và thương hiệu khách hàng,Màn hình hoặc ảnh chi tiết dự án,/images/projects/website-edunora/05-man-hinh-website.webp,public/images/projects/website-edunora/05-man-hinh-website.webp,WEBP,1902 × 844,19,DA_TICH_HOP
123,Dự án và thương hiệu khách hàng,Biểu tượng dự án,/images/projects/website-edunora/brand/symbol.png,public/images/projects/website-edunora/brand/symbol.png,PNG,256 × 256,9,DA_TICH_HOP
124,Dự án và thương hiệu khách hàng,Màn hình hoặc ảnh chi tiết dự án,/images/projects/website-edunora/brand/symbol.svg,public/images/projects/website-edunora/brand/symbol.svg,SVG,256 × 256,1,DA_TICH_HOP
125,Dự án và thương hiệu khách hàng,Logo chữ dự án,/images/projects/website-edunora/brand/wordmark.png,public/images/projects/website-edunora/brand/wordmark.png,PNG,1000 × 256,19,DA_TICH_HOP
126,Dự án và thương hiệu khách hàng,Màn hình hoặc ảnh chi tiết dự án,/images/projects/website-edunora/brand/wordmark.svg,public/images/projects/website-edunora/brand/wordmark.svg,SVG,1000 × 256,1,DA_TICH_HOP
127,Dự án và thương hiệu khách hàng,Ảnh bìa dự án,/images/projects/website-flexora-packaging/01-anh-bia-du-an.webp,public/images/projects/website-flexora-packaging/01-anh-bia-du-an.webp,WEBP,1209 × 682,15,DA_TICH_HOP
128,Dự án và thương hiệu khách hàng,Màn hình hoặc ảnh chi tiết dự án,/images/projects/website-flexora-packaging/02-man-hinh-website.webp,public/images/projects/website-flexora-packaging/02-man-hinh-website.webp,WEBP,1900 × 1079,27,DA_TICH_HOP
129,Dự án và thương hiệu khách hàng,Màn hình hoặc ảnh chi tiết dự án,/images/projects/website-flexora-packaging/03-man-hinh-website.webp,public/images/projects/website-flexora-packaging/03-man-hinh-website.webp,WEBP,1904 × 1080,27,DA_TICH_HOP
130,Dự án và thương hiệu khách hàng,Màn hình hoặc ảnh chi tiết dự án,/images/projects/website-flexora-packaging/04-man-hinh-website.webp,public/images/projects/website-flexora-packaging/04-man-hinh-website.webp,WEBP,1900 × 1079,27,DA_TICH_HOP
131,Dự án và thương hiệu khách hàng,Màn hình hoặc ảnh chi tiết dự án,/images/projects/website-flexora-packaging/05-man-hinh-website.webp,public/images/projects/website-flexora-packaging/05-man-hinh-website.webp,WEBP,1905 × 1080,27,DA_TICH_HOP
132,Dự án và thương hiệu khách hàng,Màn hình hoặc ảnh chi tiết dự án,/images/projects/website-flexora-packaging/06-man-hinh-website.webp,public/images/projects/website-flexora-packaging/06-man-hinh-website.webp,WEBP,1904 × 1080,27,DA_TICH_HOP
133,Dự án và thương hiệu khách hàng,Màn hình hoặc ảnh chi tiết dự án,/images/projects/website-flexora-packaging/07-man-hinh-website.webp,public/images/projects/website-flexora-packaging/07-man-hinh-website.webp,WEBP,1901 × 1080,27,DA_TICH_HOP
134,Dự án và thương hiệu khách hàng,Biểu tượng dự án,/images/projects/website-flexora-packaging/brand/symbol.png,public/images/projects/website-flexora-packaging/brand/symbol.png,PNG,256 × 256,10,DA_TICH_HOP
135,Dự án và thương hiệu khách hàng,Màn hình hoặc ảnh chi tiết dự án,/images/projects/website-flexora-packaging/brand/symbol.svg,public/images/projects/website-flexora-packaging/brand/symbol.svg,SVG,256 × 256,1,DA_TICH_HOP
136,Dự án và thương hiệu khách hàng,Logo chữ dự án,/images/projects/website-flexora-packaging/brand/wordmark.png,public/images/projects/website-flexora-packaging/brand/wordmark.png,PNG,1000 × 256,25,DA_TICH_HOP
137,Dự án và thương hiệu khách hàng,Màn hình hoặc ảnh chi tiết dự án,/images/projects/website-flexora-packaging/brand/wordmark.svg,public/images/projects/website-flexora-packaging/brand/wordmark.svg,SVG,1000 × 256,1,DA_TICH_HOP
138,Dự án và thương hiệu khách hàng,Ảnh bìa dự án,/images/projects/website-loomora-rugs/01-anh-bia-du-an.webp,public/images/projects/website-loomora-rugs/01-anh-bia-du-an.webp,WEBP,1209 × 683,14,DA_TICH_HOP
139,Dự án và thương hiệu khách hàng,Màn hình hoặc ảnh chi tiết dự án,/images/projects/website-loomora-rugs/02-man-hinh-website.webp,public/images/projects/website-loomora-rugs/02-man-hinh-website.webp,WEBP,1888 × 1080,22,DA_TICH_HOP
140,Dự án và thương hiệu khách hàng,Màn hình hoặc ảnh chi tiết dự án,/images/projects/website-loomora-rugs/03-man-hinh-website.webp,public/images/projects/website-loomora-rugs/03-man-hinh-website.webp,WEBP,1898 × 1080,23,DA_TICH_HOP
141,Dự án và thương hiệu khách hàng,Màn hình hoặc ảnh chi tiết dự án,/images/projects/website-loomora-rugs/04-man-hinh-website.webp,public/images/projects/website-loomora-rugs/04-man-hinh-website.webp,WEBP,1898 × 1080,24,DA_TICH_HOP
142,Dự án và thương hiệu khách hàng,Màn hình hoặc ảnh chi tiết dự án,/images/projects/website-loomora-rugs/05-man-hinh-website.webp,public/images/projects/website-loomora-rugs/05-man-hinh-website.webp,WEBP,1897 × 1079,23,DA_TICH_HOP
143,Dự án và thương hiệu khách hàng,Màn hình hoặc ảnh chi tiết dự án,/images/projects/website-loomora-rugs/06-man-hinh-website.webp,public/images/projects/website-loomora-rugs/06-man-hinh-website.webp,WEBP,1897 × 1080,23,DA_TICH_HOP
144,Dự án và thương hiệu khách hàng,Màn hình hoặc ảnh chi tiết dự án,/images/projects/website-loomora-rugs/07-man-hinh-website.webp,public/images/projects/website-loomora-rugs/07-man-hinh-website.webp,WEBP,1889 × 1080,23,DA_TICH_HOP
145,Dự án và thương hiệu khách hàng,Biểu tượng dự án,/images/projects/website-loomora-rugs/brand/symbol.png,public/images/projects/website-loomora-rugs/brand/symbol.png,PNG,256 × 256,13,DA_TICH_HOP
146,Dự án và thương hiệu khách hàng,Màn hình hoặc ảnh chi tiết dự án,/images/projects/website-loomora-rugs/brand/symbol.svg,public/images/projects/website-loomora-rugs/brand/symbol.svg,SVG,256 × 256,1,DA_TICH_HOP
147,Dự án và thương hiệu khách hàng,Logo chữ dự án,/images/projects/website-loomora-rugs/brand/wordmark.png,public/images/projects/website-loomora-rugs/brand/wordmark.png,PNG,1000 × 256,28,DA_TICH_HOP
148,Dự án và thương hiệu khách hàng,Màn hình hoặc ảnh chi tiết dự án,/images/projects/website-loomora-rugs/brand/wordmark.svg,public/images/projects/website-loomora-rugs/brand/wordmark.svg,SVG,1000 × 256,1,DA_TICH_HOP
149,Dự án và thương hiệu khách hàng,Ảnh bìa dự án,/images/projects/website-lumera-living/01-anh-bia-du-an.webp,public/images/projects/website-lumera-living/01-anh-bia-du-an.webp,WEBP,1209 × 681,13,DA_TICH_HOP
150,Dự án và thương hiệu khách hàng,Màn hình hoặc ảnh chi tiết dự án,/images/projects/website-lumera-living/02-man-hinh-website.webp,public/images/projects/website-lumera-living/02-man-hinh-website.webp,WEBP,1920 × 1080,23,DA_TICH_HOP
151,Dự án và thương hiệu khách hàng,Màn hình hoặc ảnh chi tiết dự án,/images/projects/website-lumera-living/03-man-hinh-website.webp,public/images/projects/website-lumera-living/03-man-hinh-website.webp,WEBP,1920 × 1080,23,DA_TICH_HOP
152,Dự án và thương hiệu khách hàng,Màn hình hoặc ảnh chi tiết dự án,/images/projects/website-lumera-living/04-man-hinh-website.webp,public/images/projects/website-lumera-living/04-man-hinh-website.webp,WEBP,1920 × 1080,23,DA_TICH_HOP
153,Dự án và thương hiệu khách hàng,Màn hình hoặc ảnh chi tiết dự án,/images/projects/website-lumera-living/05-man-hinh-website.webp,public/images/projects/website-lumera-living/05-man-hinh-website.webp,WEBP,1920 × 1080,23,DA_TICH_HOP
154,Dự án và thương hiệu khách hàng,Màn hình hoặc ảnh chi tiết dự án,/images/projects/website-lumera-living/06-man-hinh-website.webp,public/images/projects/website-lumera-living/06-man-hinh-website.webp,WEBP,1920 × 1080,23,DA_TICH_HOP
155,Dự án và thương hiệu khách hàng,Màn hình hoặc ảnh chi tiết dự án,/images/projects/website-lumera-living/07-man-hinh-website.webp,public/images/projects/website-lumera-living/07-man-hinh-website.webp,WEBP,1920 × 1080,23,DA_TICH_HOP
156,Dự án và thương hiệu khách hàng,Biểu tượng dự án,/images/projects/website-lumera-living/brand/symbol.png,public/images/projects/website-lumera-living/brand/symbol.png,PNG,256 × 256,13,DA_TICH_HOP
157,Dự án và thương hiệu khách hàng,Màn hình hoặc ảnh chi tiết dự án,/images/projects/website-lumera-living/brand/symbol.svg,public/images/projects/website-lumera-living/brand/symbol.svg,SVG,256 × 256,1,DA_TICH_HOP
158,Dự án và thương hiệu khách hàng,Logo chữ dự án,/images/projects/website-lumera-living/brand/wordmark.png,public/images/projects/website-lumera-living/brand/wordmark.png,PNG,1000 × 256,26,DA_TICH_HOP
159,Dự án và thương hiệu khách hàng,Màn hình hoặc ảnh chi tiết dự án,/images/projects/website-lumera-living/brand/wordmark.svg,public/images/projects/website-lumera-living/brand/wordmark.svg,SVG,1000 × 256,1,DA_TICH_HOP
160,Dự án và thương hiệu khách hàng,Ảnh bìa dự án,/images/projects/website-mirava/01-anh-bia-du-an.webp,public/images/projects/website-mirava/01-anh-bia-du-an.webp,WEBP,1209 × 682,12,DA_TICH_HOP
161,Dự án và thương hiệu khách hàng,Biểu tượng dự án,/images/projects/website-mirava/brand/symbol.png,public/images/projects/website-mirava/brand/symbol.png,PNG,256 × 256,11,DA_TICH_HOP
162,Dự án và thương hiệu khách hàng,Màn hình hoặc ảnh chi tiết dự án,/images/projects/website-mirava/brand/symbol.svg,public/images/projects/website-mirava/brand/symbol.svg,SVG,256 × 256,1,DA_TICH_HOP
163,Dự án và thương hiệu khách hàng,Logo chữ dự án,/images/projects/website-mirava/brand/wordmark.png,public/images/projects/website-mirava/brand/wordmark.png,PNG,1000 × 256,22,DA_TICH_HOP
164,Dự án và thương hiệu khách hàng,Màn hình hoặc ảnh chi tiết dự án,/images/projects/website-mirava/brand/wordmark.svg,public/images/projects/website-mirava/brand/wordmark.svg,SVG,1000 × 256,1,DA_TICH_HOP
165,Dự án và thương hiệu khách hàng,Ảnh bìa dự án,/images/projects/website-mocvan-tea/01-anh-bia-du-an.webp,public/images/projects/website-mocvan-tea/01-anh-bia-du-an.webp,WEBP,2000 × 1128,22,DA_TICH_HOP
166,Dự án và thương hiệu khách hàng,Màn hình hoặc ảnh chi tiết dự án,/images/projects/website-mocvan-tea/02-man-hinh-website.webp,public/images/projects/website-mocvan-tea/02-man-hinh-website.webp,WEBP,1896 × 1079,21,DA_TICH_HOP
167,Dự án và thương hiệu khách hàng,Màn hình hoặc ảnh chi tiết dự án,/images/projects/website-mocvan-tea/03-man-hinh-website.webp,public/images/projects/website-mocvan-tea/03-man-hinh-website.webp,WEBP,1900 × 1079,20,DA_TICH_HOP
168,Dự án và thương hiệu khách hàng,Màn hình hoặc ảnh chi tiết dự án,/images/projects/website-mocvan-tea/04-man-hinh-website.webp,public/images/projects/website-mocvan-tea/04-man-hinh-website.webp,WEBP,1900 × 1079,20,DA_TICH_HOP
169,Dự án và thương hiệu khách hàng,Màn hình hoặc ảnh chi tiết dự án,/images/projects/website-mocvan-tea/05-man-hinh-website.webp,public/images/projects/website-mocvan-tea/05-man-hinh-website.webp,WEBP,1898 × 1080,20,DA_TICH_HOP
170,Dự án và thương hiệu khách hàng,Màn hình hoặc ảnh chi tiết dự án,/images/projects/website-mocvan-tea/06-man-hinh-website.webp,public/images/projects/website-mocvan-tea/06-man-hinh-website.webp,WEBP,1895 × 1080,20,DA_TICH_HOP
171,Dự án và thương hiệu khách hàng,Màn hình hoặc ảnh chi tiết dự án,/images/projects/website-mocvan-tea/07-man-hinh-website.webp,public/images/projects/website-mocvan-tea/07-man-hinh-website.webp,WEBP,1902 × 1080,20,DA_TICH_HOP
172,Dự án và thương hiệu khách hàng,Biểu tượng dự án,/images/projects/website-mocvan-tea/brand/symbol.png,public/images/projects/website-mocvan-tea/brand/symbol.png,PNG,256 × 256,10,DA_TICH_HOP
173,Dự án và thương hiệu khách hàng,Màn hình hoặc ảnh chi tiết dự án,/images/projects/website-mocvan-tea/brand/symbol.svg,public/images/projects/website-mocvan-tea/brand/symbol.svg,SVG,256 × 256,1,DA_TICH_HOP
174,Dự án và thương hiệu khách hàng,Logo chữ dự án,/images/projects/website-mocvan-tea/brand/wordmark.png,public/images/projects/website-mocvan-tea/brand/wordmark.png,PNG,1000 × 256,23,DA_TICH_HOP
175,Dự án và thương hiệu khách hàng,Màn hình hoặc ảnh chi tiết dự án,/images/projects/website-mocvan-tea/brand/wordmark.svg,public/images/projects/website-mocvan-tea/brand/wordmark.svg,SVG,1000 × 256,1,DA_TICH_HOP
176,Dự án và thương hiệu khách hàng,Ảnh bìa dự án,/images/projects/website-motoria-link/01-anh-bia-du-an.webp,public/images/projects/website-motoria-link/01-anh-bia-du-an.webp,WEBP,1209 × 681,14,DA_TICH_HOP
177,Dự án và thương hiệu khách hàng,Biểu tượng dự án,/images/projects/website-motoria-link/brand/symbol.png,public/images/projects/website-motoria-link/brand/symbol.png,PNG,256 × 256,13,DA_TICH_HOP
178,Dự án và thương hiệu khách hàng,Màn hình hoặc ảnh chi tiết dự án,/images/projects/website-motoria-link/brand/symbol.svg,public/images/projects/website-motoria-link/brand/symbol.svg,SVG,256 × 256,1,DA_TICH_HOP
179,Dự án và thương hiệu khách hàng,Logo chữ dự án,/images/projects/website-motoria-link/brand/wordmark.png,public/images/projects/website-motoria-link/brand/wordmark.png,PNG,1000 × 256,26,DA_TICH_HOP
180,Dự án và thương hiệu khách hàng,Màn hình hoặc ảnh chi tiết dự án,/images/projects/website-motoria-link/brand/wordmark.svg,public/images/projects/website-motoria-link/brand/wordmark.svg,SVG,1000 × 256,1,DA_TICH_HOP
181,Dự án và thương hiệu khách hàng,Tệp master,/images/projects/website-pixelnova-media/01-anh-bia-du-an-master.png,public/images/projects/website-pixelnova-media/01-anh-bia-du-an-master.png,PNG,1672 × 941,2227,MASTER_LUU_TRU
182,Dự án và thương hiệu khách hàng,Ảnh bìa dự án,/images/projects/website-pixelnova-media/01-anh-bia-du-an.webp,public/images/projects/website-pixelnova-media/01-anh-bia-du-an.webp,WEBP,1672 × 941,258,DA_TICH_HOP
183,Dự án và thương hiệu khách hàng,Màn hình hoặc ảnh chi tiết dự án,/images/projects/website-pixelnova-media/02-man-hinh-website.webp,public/images/projects/website-pixelnova-media/02-man-hinh-website.webp,WEBP,1898 × 1080,25,DA_TICH_HOP
184,Dự án và thương hiệu khách hàng,Màn hình hoặc ảnh chi tiết dự án,/images/projects/website-pixelnova-media/03-man-hinh-website.webp,public/images/projects/website-pixelnova-media/03-man-hinh-website.webp,WEBP,1897 × 1080,24,DA_TICH_HOP
185,Dự án và thương hiệu khách hàng,Màn hình hoặc ảnh chi tiết dự án,/images/projects/website-pixelnova-media/04-man-hinh-website.webp,public/images/projects/website-pixelnova-media/04-man-hinh-website.webp,WEBP,1920 × 1080,25,DA_TICH_HOP
186,Dự án và thương hiệu khách hàng,Màn hình hoặc ảnh chi tiết dự án,/images/projects/website-pixelnova-media/05-man-hinh-website.webp,public/images/projects/website-pixelnova-media/05-man-hinh-website.webp,WEBP,1902 × 1080,25,DA_TICH_HOP
187,Dự án và thương hiệu khách hàng,Màn hình hoặc ảnh chi tiết dự án,/images/projects/website-pixelnova-media/06-man-hinh-website.webp,public/images/projects/website-pixelnova-media/06-man-hinh-website.webp,WEBP,1901 × 1080,25,DA_TICH_HOP
188,Dự án và thương hiệu khách hàng,Màn hình hoặc ảnh chi tiết dự án,/images/projects/website-pixelnova-media/07-man-hinh-website.webp,public/images/projects/website-pixelnova-media/07-man-hinh-website.webp,WEBP,1902 × 1080,24,DA_TICH_HOP
189,Dự án và thương hiệu khách hàng,Biểu tượng dự án,/images/projects/website-pixelnova-media/brand/symbol.png,public/images/projects/website-pixelnova-media/brand/symbol.png,PNG,256 × 256,8,DA_TICH_HOP
190,Dự án và thương hiệu khách hàng,Màn hình hoặc ảnh chi tiết dự án,/images/projects/website-pixelnova-media/brand/symbol.svg,public/images/projects/website-pixelnova-media/brand/symbol.svg,SVG,256 × 256,1,DA_TICH_HOP
191,Dự án và thương hiệu khách hàng,Logo chữ dự án,/images/projects/website-pixelnova-media/brand/wordmark.png,public/images/projects/website-pixelnova-media/brand/wordmark.png,PNG,1000 × 256,23,DA_TICH_HOP
192,Dự án và thương hiệu khách hàng,Màn hình hoặc ảnh chi tiết dự án,/images/projects/website-pixelnova-media/brand/wordmark.svg,public/images/projects/website-pixelnova-media/brand/wordmark.svg,SVG,1000 × 256,1,DA_TICH_HOP
193,Dự án và thương hiệu khách hàng,Ảnh bìa dự án,/images/projects/website-polyvera/01-anh-bia-du-an.webp,public/images/projects/website-polyvera/01-anh-bia-du-an.webp,WEBP,1209 × 681,13,DA_TICH_HOP
194,Dự án và thương hiệu khách hàng,Màn hình hoặc ảnh chi tiết dự án,/images/projects/website-polyvera/02-man-hinh-website.webp,public/images/projects/website-polyvera/02-man-hinh-website.webp,WEBP,1920 × 1080,23,DA_TICH_HOP
195,Dự án và thương hiệu khách hàng,Màn hình hoặc ảnh chi tiết dự án,/images/projects/website-polyvera/03-man-hinh-website.webp,public/images/projects/website-polyvera/03-man-hinh-website.webp,WEBP,1912 × 1080,22,DA_TICH_HOP
196,Dự án và thương hiệu khách hàng,Màn hình hoặc ảnh chi tiết dự án,/images/projects/website-polyvera/04-man-hinh-website.webp,public/images/projects/website-polyvera/04-man-hinh-website.webp,WEBP,1920 × 1080,22,DA_TICH_HOP
197,Dự án và thương hiệu khách hàng,Màn hình hoặc ảnh chi tiết dự án,/images/projects/website-polyvera/05-man-hinh-website.webp,public/images/projects/website-polyvera/05-man-hinh-website.webp,WEBP,1920 × 1080,22,DA_TICH_HOP
198,Dự án và thương hiệu khách hàng,Màn hình hoặc ảnh chi tiết dự án,/images/projects/website-polyvera/06-man-hinh-website.webp,public/images/projects/website-polyvera/06-man-hinh-website.webp,WEBP,1912 × 1080,22,DA_TICH_HOP
199,Dự án và thương hiệu khách hàng,Biểu tượng dự án,/images/projects/website-polyvera/brand/symbol.png,public/images/projects/website-polyvera/brand/symbol.png,PNG,256 × 256,8,DA_TICH_HOP
200,Dự án và thương hiệu khách hàng,Màn hình hoặc ảnh chi tiết dự án,/images/projects/website-polyvera/brand/symbol.svg,public/images/projects/website-polyvera/brand/symbol.svg,SVG,256 × 256,1,DA_TICH_HOP
201,Dự án và thương hiệu khách hàng,Logo chữ dự án,/images/projects/website-polyvera/brand/wordmark.png,public/images/projects/website-polyvera/brand/wordmark.png,PNG,1000 × 256,19,DA_TICH_HOP
202,Dự án và thương hiệu khách hàng,Màn hình hoặc ảnh chi tiết dự án,/images/projects/website-polyvera/brand/wordmark.svg,public/images/projects/website-polyvera/brand/wordmark.svg,SVG,1000 × 256,1,DA_TICH_HOP
203,Dự án và thương hiệu khách hàng,Ảnh bìa dự án,/images/projects/website-rovena-mobility/01-anh-bia-du-an.webp,public/images/projects/website-rovena-mobility/01-anh-bia-du-an.webp,WEBP,1080 × 1080,19,DA_TICH_HOP
204,Dự án và thương hiệu khách hàng,Biểu tượng dự án,/images/projects/website-rovena-mobility/brand/symbol.png,public/images/projects/website-rovena-mobility/brand/symbol.png,PNG,256 × 256,10,DA_TICH_HOP
205,Dự án và thương hiệu khách hàng,Màn hình hoặc ảnh chi tiết dự án,/images/projects/website-rovena-mobility/brand/symbol.svg,public/images/projects/website-rovena-mobility/brand/symbol.svg,SVG,256 × 256,1,DA_TICH_HOP
206,Dự án và thương hiệu khách hàng,Logo chữ dự án,/images/projects/website-rovena-mobility/brand/wordmark.png,public/images/projects/website-rovena-mobility/brand/wordmark.png,PNG,1000 × 256,24,DA_TICH_HOP
207,Dự án và thương hiệu khách hàng,Màn hình hoặc ảnh chi tiết dự án,/images/projects/website-rovena-mobility/brand/wordmark.svg,public/images/projects/website-rovena-mobility/brand/wordmark.svg,SVG,1000 × 256,1,DA_TICH_HOP
208,Dự án và thương hiệu khách hàng,Ảnh bìa dự án,/images/projects/website-rovena-travel/01-anh-bia-du-an.webp,public/images/projects/website-rovena-travel/01-anh-bia-du-an.webp,WEBP,1898 × 846,22,DA_TICH_HOP
209,Dự án và thương hiệu khách hàng,Màn hình hoặc ảnh chi tiết dự án,/images/projects/website-rovena-travel/02-man-hinh-website.webp,public/images/projects/website-rovena-travel/02-man-hinh-website.webp,WEBP,1900 × 827,21,DA_TICH_HOP
210,Dự án và thương hiệu khách hàng,Màn hình hoặc ảnh chi tiết dự án,/images/projects/website-rovena-travel/03-man-hinh-website.webp,public/images/projects/website-rovena-travel/03-man-hinh-website.webp,WEBP,1897 × 831,21,DA_TICH_HOP
211,Dự án và thương hiệu khách hàng,Màn hình hoặc ảnh chi tiết dự án,/images/projects/website-rovena-travel/04-man-hinh-website.webp,public/images/projects/website-rovena-travel/04-man-hinh-website.webp,WEBP,1894 × 838,21,DA_TICH_HOP
212,Dự án và thương hiệu khách hàng,Màn hình hoặc ảnh chi tiết dự án,/images/projects/website-rovena-travel/05-man-hinh-website.webp,public/images/projects/website-rovena-travel/05-man-hinh-website.webp,WEBP,1897 × 846,21,DA_TICH_HOP
213,Dự án và thương hiệu khách hàng,Màn hình hoặc ảnh chi tiết dự án,/images/projects/website-rovena-travel/06-man-hinh-website.webp,public/images/projects/website-rovena-travel/06-man-hinh-website.webp,WEBP,1899 × 843,20,DA_TICH_HOP
214,Dự án và thương hiệu khách hàng,Màn hình hoặc ảnh chi tiết dự án,/images/projects/website-rovena-travel/07-man-hinh-website.webp,public/images/projects/website-rovena-travel/07-man-hinh-website.webp,WEBP,1896 × 842,21,DA_TICH_HOP
215,Dự án và thương hiệu khách hàng,Màn hình hoặc ảnh chi tiết dự án,/images/projects/website-rovena-travel/08-man-hinh-website.webp,public/images/projects/website-rovena-travel/08-man-hinh-website.webp,WEBP,1899 × 844,21,DA_TICH_HOP
216,Dự án và thương hiệu khách hàng,Màn hình hoặc ảnh chi tiết dự án,/images/projects/website-rovena-travel/09-man-hinh-website.webp,public/images/projects/website-rovena-travel/09-man-hinh-website.webp,WEBP,1896 × 837,20,DA_TICH_HOP
217,Dự án và thương hiệu khách hàng,Màn hình hoặc ảnh chi tiết dự án,/images/projects/website-rovena-travel/10-man-hinh-website.webp,public/images/projects/website-rovena-travel/10-man-hinh-website.webp,WEBP,1893 × 843,21,DA_TICH_HOP
218,Dự án và thương hiệu khách hàng,Biểu tượng dự án,/images/projects/website-rovena-travel/brand/symbol.png,public/images/projects/website-rovena-travel/brand/symbol.png,PNG,256 × 256,14,DA_TICH_HOP
219,Dự án và thương hiệu khách hàng,Màn hình hoặc ảnh chi tiết dự án,/images/projects/website-rovena-travel/brand/symbol.svg,public/images/projects/website-rovena-travel/brand/symbol.svg,SVG,256 × 256,1,DA_TICH_HOP
220,Dự án và thương hiệu khách hàng,Logo chữ dự án,/images/projects/website-rovena-travel/brand/wordmark.png,public/images/projects/website-rovena-travel/brand/wordmark.png,PNG,1000 × 256,28,DA_TICH_HOP
221,Dự án và thương hiệu khách hàng,Màn hình hoặc ảnh chi tiết dự án,/images/projects/website-rovena-travel/brand/wordmark.svg,public/images/projects/website-rovena-travel/brand/wordmark.svg,SVG,1000 × 256,1,DA_TICH_HOP
222,Dự án và thương hiệu khách hàng,Ảnh bìa dự án,/images/projects/website-veloura-nails/01-anh-bia-du-an.webp,public/images/projects/website-veloura-nails/01-anh-bia-du-an.webp,WEBP,1896 × 841,19,DA_TICH_HOP
223,Dự án và thương hiệu khách hàng,Màn hình hoặc ảnh chi tiết dự án,/images/projects/website-veloura-nails/02-man-hinh-website.webp,public/images/projects/website-veloura-nails/02-man-hinh-website.webp,WEBP,1870 × 781,17,DA_TICH_HOP
224,Dự án và thương hiệu khách hàng,Màn hình hoặc ảnh chi tiết dự án,/images/projects/website-veloura-nails/03-man-hinh-website.webp,public/images/projects/website-veloura-nails/03-man-hinh-website.webp,WEBP,1900 × 846,18,DA_TICH_HOP
225,Dự án và thương hiệu khách hàng,Màn hình hoặc ảnh chi tiết dự án,/images/projects/website-veloura-nails/04-man-hinh-website.webp,public/images/projects/website-veloura-nails/04-man-hinh-website.webp,WEBP,1898 × 844,19,DA_TICH_HOP
226,Dự án và thương hiệu khách hàng,Màn hình hoặc ảnh chi tiết dự án,/images/projects/website-veloura-nails/05-man-hinh-website.webp,public/images/projects/website-veloura-nails/05-man-hinh-website.webp,WEBP,1897 × 841,19,DA_TICH_HOP
227,Dự án và thương hiệu khách hàng,Màn hình hoặc ảnh chi tiết dự án,/images/projects/website-veloura-nails/06-man-hinh-website.webp,public/images/projects/website-veloura-nails/06-man-hinh-website.webp,WEBP,1900 × 836,18,DA_TICH_HOP
228,Dự án và thương hiệu khách hàng,Màn hình hoặc ảnh chi tiết dự án,/images/projects/website-veloura-nails/07-man-hinh-mobile.webp,public/images/projects/website-veloura-nails/07-man-hinh-mobile.webp,WEBP,1183 × 2560,33,DA_TICH_HOP
229,Dự án và thương hiệu khách hàng,Màn hình hoặc ảnh chi tiết dự án,/images/projects/website-veloura-nails/08-man-hinh-mobile.webp,public/images/projects/website-veloura-nails/08-man-hinh-mobile.webp,WEBP,1183 × 2560,32,DA_TICH_HOP
230,Dự án và thương hiệu khách hàng,Màn hình hoặc ảnh chi tiết dự án,/images/projects/website-veloura-nails/09-man-hinh-mobile.webp,public/images/projects/website-veloura-nails/09-man-hinh-mobile.webp,WEBP,1183 × 2560,32,DA_TICH_HOP
231,Dự án và thương hiệu khách hàng,Màn hình hoặc ảnh chi tiết dự án,/images/projects/website-veloura-nails/10-man-hinh-mobile.webp,public/images/projects/website-veloura-nails/10-man-hinh-mobile.webp,WEBP,1183 × 2560,33,DA_TICH_HOP
232,Dự án và thương hiệu khách hàng,Màn hình hoặc ảnh chi tiết dự án,/images/projects/website-veloura-nails/11-man-hinh-mobile.webp,public/images/projects/website-veloura-nails/11-man-hinh-mobile.webp,WEBP,1183 × 2560,33,DA_TICH_HOP
233,Dự án và thương hiệu khách hàng,Màn hình hoặc ảnh chi tiết dự án,/images/projects/website-veloura-nails/12-man-hinh-mobile.webp,public/images/projects/website-veloura-nails/12-man-hinh-mobile.webp,WEBP,1183 × 2560,32,DA_TICH_HOP
234,Dự án và thương hiệu khách hàng,Biểu tượng dự án,/images/projects/website-veloura-nails/brand/symbol.png,public/images/projects/website-veloura-nails/brand/symbol.png,PNG,256 × 256,10,DA_TICH_HOP
235,Dự án và thương hiệu khách hàng,Màn hình hoặc ảnh chi tiết dự án,/images/projects/website-veloura-nails/brand/symbol.svg,public/images/projects/website-veloura-nails/brand/symbol.svg,SVG,256 × 256,1,DA_TICH_HOP
236,Dự án và thương hiệu khách hàng,Logo chữ dự án,/images/projects/website-veloura-nails/brand/wordmark.png,public/images/projects/website-veloura-nails/brand/wordmark.png,PNG,1000 × 256,24,DA_TICH_HOP
237,Dự án và thương hiệu khách hàng,Màn hình hoặc ảnh chi tiết dự án,/images/projects/website-veloura-nails/brand/wordmark.svg,public/images/projects/website-veloura-nails/brand/wordmark.svg,SVG,1000 × 256,1,DA_TICH_HOP
238,Dự án và thương hiệu khách hàng,Ảnh bìa dự án,/images/projects/website-verdora-property/01-anh-bia-du-an.webp,public/images/projects/website-verdora-property/01-anh-bia-du-an.webp,WEBP,1209 × 679,12,DA_TICH_HOP
239,Dự án và thương hiệu khách hàng,Màn hình hoặc ảnh chi tiết dự án,/images/projects/website-verdora-property/02-man-hinh-website.webp,public/images/projects/website-verdora-property/02-man-hinh-website.webp,WEBP,1898 × 1080,22,DA_TICH_HOP
240,Dự án và thương hiệu khách hàng,Màn hình hoặc ảnh chi tiết dự án,/images/projects/website-verdora-property/03-man-hinh-website.webp,public/images/projects/website-verdora-property/03-man-hinh-website.webp,WEBP,1897 × 1080,21,DA_TICH_HOP
241,Dự án và thương hiệu khách hàng,Màn hình hoặc ảnh chi tiết dự án,/images/projects/website-verdora-property/04-man-hinh-website.webp,public/images/projects/website-verdora-property/04-man-hinh-website.webp,WEBP,1896 × 1079,21,DA_TICH_HOP
242,Dự án và thương hiệu khách hàng,Màn hình hoặc ảnh chi tiết dự án,/images/projects/website-verdora-property/05-man-hinh-website.webp,public/images/projects/website-verdora-property/05-man-hinh-website.webp,WEBP,1898 × 1080,22,DA_TICH_HOP
243,Dự án và thương hiệu khách hàng,Màn hình hoặc ảnh chi tiết dự án,/images/projects/website-verdora-property/06-man-hinh-website.webp,public/images/projects/website-verdora-property/06-man-hinh-website.webp,WEBP,1896 × 1079,21,DA_TICH_HOP
244,Dự án và thương hiệu khách hàng,Màn hình hoặc ảnh chi tiết dự án,/images/projects/website-verdora-property/07-man-hinh-website.webp,public/images/projects/website-verdora-property/07-man-hinh-website.webp,WEBP,1898 × 1079,22,DA_TICH_HOP
245,Dự án và thương hiệu khách hàng,Biểu tượng dự án,/images/projects/website-verdora-property/brand/symbol.png,public/images/projects/website-verdora-property/brand/symbol.png,PNG,256 × 256,13,DA_TICH_HOP
246,Dự án và thương hiệu khách hàng,Màn hình hoặc ảnh chi tiết dự án,/images/projects/website-verdora-property/brand/symbol.svg,public/images/projects/website-verdora-property/brand/symbol.svg,SVG,256 × 256,1,DA_TICH_HOP
247,Dự án và thương hiệu khách hàng,Logo chữ dự án,/images/projects/website-verdora-property/brand/wordmark.png,public/images/projects/website-verdora-property/brand/wordmark.png,PNG,1000 × 256,28,DA_TICH_HOP
248,Dự án và thương hiệu khách hàng,Màn hình hoặc ảnh chi tiết dự án,/images/projects/website-verdora-property/brand/wordmark.svg,public/images/projects/website-verdora-property/brand/wordmark.svg,SVG,1000 × 256,1,DA_TICH_HOP
249,Dự án và thương hiệu khách hàng,Ảnh bìa dự án,/images/projects/website-virela-interior/01-anh-bia-du-an.webp,public/images/projects/website-virela-interior/01-anh-bia-du-an.webp,WEBP,1889 × 847,18,DA_TICH_HOP
250,Dự án và thương hiệu khách hàng,Màn hình hoặc ảnh chi tiết dự án,/images/projects/website-virela-interior/02-man-hinh-website.webp,public/images/projects/website-virela-interior/02-man-hinh-website.webp,WEBP,1896 × 846,18,DA_TICH_HOP
251,Dự án và thương hiệu khách hàng,Màn hình hoặc ảnh chi tiết dự án,/images/projects/website-virela-interior/03-man-hinh-website.webp,public/images/projects/website-virela-interior/03-man-hinh-website.webp,WEBP,1898 × 839,18,DA_TICH_HOP
252,Dự án và thương hiệu khách hàng,Màn hình hoặc ảnh chi tiết dự án,/images/projects/website-virela-interior/04-man-hinh-website.webp,public/images/projects/website-virela-interior/04-man-hinh-website.webp,WEBP,1878 × 839,18,DA_TICH_HOP
253,Dự án và thương hiệu khách hàng,Biểu tượng dự án,/images/projects/website-virela-interior/brand/symbol.png,public/images/projects/website-virela-interior/brand/symbol.png,PNG,256 × 256,14,DA_TICH_HOP
254,Dự án và thương hiệu khách hàng,Màn hình hoặc ảnh chi tiết dự án,/images/projects/website-virela-interior/brand/symbol.svg,public/images/projects/website-virela-interior/brand/symbol.svg,SVG,256 × 256,1,DA_TICH_HOP
255,Dự án và thương hiệu khách hàng,Logo chữ dự án,/images/projects/website-virela-interior/brand/wordmark.png,public/images/projects/website-virela-interior/brand/wordmark.png,PNG,1000 × 256,27,DA_TICH_HOP
256,Dự án và thương hiệu khách hàng,Màn hình hoặc ảnh chi tiết dự án,/images/projects/website-virela-interior/brand/wordmark.svg,public/images/projects/website-virela-interior/brand/wordmark.svg,SVG,1000 × 256,1,DA_TICH_HOP
257,Dự án và thương hiệu khách hàng,Ảnh bìa dự án,/images/projects/website-zenovia-retail/01-anh-bia-du-an.webp,public/images/projects/website-zenovia-retail/01-anh-bia-du-an.webp,WEBP,1901 × 843,19,DA_TICH_HOP
258,Dự án và thương hiệu khách hàng,Màn hình hoặc ảnh chi tiết dự án,/images/projects/website-zenovia-retail/02-man-hinh-website.webp,public/images/projects/website-zenovia-retail/02-man-hinh-website.webp,WEBP,1902 × 841,20,DA_TICH_HOP
259,Dự án và thương hiệu khách hàng,Màn hình hoặc ảnh chi tiết dự án,/images/projects/website-zenovia-retail/03-man-hinh-website.webp,public/images/projects/website-zenovia-retail/03-man-hinh-website.webp,WEBP,1900 × 840,20,DA_TICH_HOP
260,Dự án và thương hiệu khách hàng,Màn hình hoặc ảnh chi tiết dự án,/images/projects/website-zenovia-retail/04-man-hinh-website.webp,public/images/projects/website-zenovia-retail/04-man-hinh-website.webp,WEBP,1900 × 842,19,DA_TICH_HOP
261,Dự án và thương hiệu khách hàng,Biểu tượng dự án,/images/projects/website-zenovia-retail/brand/symbol.png,public/images/projects/website-zenovia-retail/brand/symbol.png,PNG,256 × 256,8,DA_TICH_HOP
262,Dự án và thương hiệu khách hàng,Màn hình hoặc ảnh chi tiết dự án,/images/projects/website-zenovia-retail/brand/symbol.svg,public/images/projects/website-zenovia-retail/brand/symbol.svg,SVG,256 × 256,1,DA_TICH_HOP
263,Dự án và thương hiệu khách hàng,Logo chữ dự án,/images/projects/website-zenovia-retail/brand/wordmark.png,public/images/projects/website-zenovia-retail/brand/wordmark.png,PNG,1000 × 256,23,DA_TICH_HOP
264,Dự án và thương hiệu khách hàng,Màn hình hoặc ảnh chi tiết dự án,/images/projects/website-zenovia-retail/brand/wordmark.svg,public/images/projects/website-zenovia-retail/brand/wordmark.svg,SVG,1000 × 256,1,DA_TICH_HOP
265,Nhân vật và văn phòng,Tài sản hình ảnh SoftBuild,/images/people/anh-hoi-thoai/tran-hoai-an.webp,public/images/people/anh-hoi-thoai/tran-hoai-an.webp,WEBP,1000 × 1000,54,DA_TICH_HOP
266,Nhân vật và văn phòng,Nhân vật CTA nền trong suốt,/images/people/cta/softbuild/chuyen-vien-nam-tre.png,public/images/people/cta/softbuild/chuyen-vien-nam-tre.png,PNG,1135 × 1386,474,DA_TICH_HOP
267,Nhân vật và văn phòng,Nhân vật CTA nền trong suốt,/images/people/cta/softbuild/chuyen-vien-nu.png,public/images/people/cta/softbuild/chuyen-vien-nu.png,PNG,1134 × 1387,415,DA_TICH_HOP
268,Nhân vật và văn phòng,Nhân vật CTA nền trong suốt,/images/people/cta/softbuild/chuyen-vien-tu-van-viet-nam-chroma.png,public/images/people/cta/softbuild/chuyen-vien-tu-van-viet-nam-chroma.png,PNG,1133 × 1388,1123,DA_TICH_HOP
269,Nhân vật và văn phòng,Nhân vật CTA nền trong suốt,/images/people/cta/softbuild/chuyen-vien-tu-van-viet-nam.png,public/images/people/cta/softbuild/chuyen-vien-tu-van-viet-nam.png,PNG,1133 × 1388,415,DA_TICH_HOP
270,Nhân vật và văn phòng,Tệp master,/images/people/cta/softbuild/masters/chuyen-vien-nam-tre-chroma.png,public/images/people/cta/softbuild/masters/chuyen-vien-nam-tre-chroma.png,PNG,1135 × 1386,1180,MASTER_LUU_TRU
271,Nhân vật và văn phòng,Tệp master,/images/people/cta/softbuild/masters/chuyen-vien-nu-chroma.png,public/images/people/cta/softbuild/masters/chuyen-vien-nu-chroma.png,PNG,1134 × 1387,1116,MASTER_LUU_TRU
272,Nhân vật và văn phòng,Tệp master,/images/people/cta/softbuild/masters/nhan-vien-cong-nghe-tre-chroma.png,public/images/people/cta/softbuild/masters/nhan-vien-cong-nghe-tre-chroma.png,PNG,1133 × 1388,1199,MASTER_LUU_TRU
273,Nhân vật và văn phòng,Tệp master,/images/people/cta/softbuild/masters/quan-ly-nam-chroma.png,public/images/people/cta/softbuild/masters/quan-ly-nam-chroma.png,PNG,1133 × 1388,1206,MASTER_LUU_TRU
274,Nhân vật và văn phòng,Nhân vật CTA nền trong suốt,/images/people/cta/softbuild/nhan-vien-cong-nghe-tre.png,public/images/people/cta/softbuild/nhan-vien-cong-nghe-tre.png,PNG,1133 × 1388,509,DA_TICH_HOP
275,Nhân vật và văn phòng,Nhân vật CTA nền trong suốt,/images/people/cta/softbuild/quan-ly-nam.png,public/images/people/cta/softbuild/quan-ly-nam.png,PNG,1133 × 1388,516,DA_TICH_HOP
276,Nhân vật và văn phòng,Chân dung đội ngũ,/images/people/doi-ngu/bui-hai-dang.webp,public/images/people/doi-ngu/bui-hai-dang.webp,WEBP,1200 × 1500,95,DA_TICH_HOP
277,Nhân vật và văn phòng,Chân dung đội ngũ,/images/people/doi-ngu/dang-gia-duy.webp,public/images/people/doi-ngu/dang-gia-duy.webp,WEBP,1200 × 1500,112,DA_TICH_HOP
278,Nhân vật và văn phòng,Chân dung đội ngũ,/images/people/doi-ngu/dang-hung-cuong.webp,public/images/people/doi-ngu/dang-hung-cuong.webp,WEBP,1200 × 1500,96,DA_TICH_HOP
279,Nhân vật và văn phòng,Chân dung đội ngũ,/images/people/doi-ngu/dang-minh-sang.webp,public/images/people/doi-ngu/dang-minh-sang.webp,WEBP,1200 × 1500,96,DA_TICH_HOP
280,Nhân vật và văn phòng,Chân dung đội ngũ,/images/people/doi-ngu/le-khai-khang.webp,public/images/people/doi-ngu/le-khai-khang.webp,WEBP,1200 × 1500,69,DA_TICH_HOP
281,Nhân vật và văn phòng,Chân dung đội ngũ,/images/people/doi-ngu/le-minh-long.webp,public/images/people/doi-ngu/le-minh-long.webp,WEBP,1200 × 1500,71,DA_TICH_HOP
282,Nhân vật và văn phòng,Chân dung đội ngũ,/images/people/doi-ngu/le-thanh-thu.webp,public/images/people/doi-ngu/le-thanh-thu.webp,WEBP,1200 × 1500,92,DA_TICH_HOP
283,Nhân vật và văn phòng,Chân dung đội ngũ,/images/people/doi-ngu/le-thu-hang.webp,public/images/people/doi-ngu/le-thu-hang.webp,WEBP,1200 × 1500,131,DA_TICH_HOP
284,Nhân vật và văn phòng,Chân dung đội ngũ,/images/people/doi-ngu/le-thu-thao.webp,public/images/people/doi-ngu/le-thu-thao.webp,WEBP,1200 × 1500,124,DA_TICH_HOP
285,Nhân vật và văn phòng,Chân dung đội ngũ,/images/people/doi-ngu/nguyen-chi-nhan.webp,public/images/people/doi-ngu/nguyen-chi-nhan.webp,WEBP,1200 × 1500,72,DA_TICH_HOP
286,Nhân vật và văn phòng,Chân dung đội ngũ,/images/people/doi-ngu/nguyen-duc-thanh.webp,public/images/people/doi-ngu/nguyen-duc-thanh.webp,WEBP,1200 × 1500,71,DA_TICH_HOP
287,Nhân vật và văn phòng,Chân dung đội ngũ,/images/people/doi-ngu/nguyen-hoang-nam.webp,public/images/people/doi-ngu/nguyen-hoang-nam.webp,WEBP,1200 × 1500,94,DA_TICH_HOP
288,Nhân vật và văn phòng,Chân dung đội ngũ,/images/people/doi-ngu/nguyen-hong-nhung.webp,public/images/people/doi-ngu/nguyen-hong-nhung.webp,WEBP,1200 × 1500,97,DA_TICH_HOP
289,Nhân vật và văn phòng,Chân dung đội ngũ,/images/people/doi-ngu/nguyen-minh-tai.webp,public/images/people/doi-ngu/nguyen-minh-tai.webp,WEBP,1200 × 1500,86,DA_TICH_HOP
290,Nhân vật và văn phòng,Chân dung đội ngũ,/images/people/doi-ngu/nguyen-minh-thuc.webp,public/images/people/doi-ngu/nguyen-minh-thuc.webp,WEBP,1200 × 1500,113,DA_TICH_HOP
291,Nhân vật và văn phòng,Chân dung đội ngũ,/images/people/doi-ngu/pham-anh-tuan.webp,public/images/people/doi-ngu/pham-anh-tuan.webp,WEBP,1200 × 1500,113,DA_TICH_HOP
292,Nhân vật và văn phòng,Chân dung đội ngũ,/images/people/doi-ngu/pham-duc-thang.webp,public/images/people/doi-ngu/pham-duc-thang.webp,WEBP,1200 × 1500,94,DA_TICH_HOP
293,Nhân vật và văn phòng,Chân dung đội ngũ,/images/people/doi-ngu/pham-khanh-yen.webp,public/images/people/doi-ngu/pham-khanh-yen.webp,WEBP,1200 × 1500,101,DA_TICH_HOP
294,Nhân vật và văn phòng,Chân dung đội ngũ,/images/people/doi-ngu/pham-quoc-huy.webp,public/images/people/doi-ngu/pham-quoc-huy.webp,WEBP,1200 × 1500,130,DA_TICH_HOP
295,Nhân vật và văn phòng,Chân dung đội ngũ,/images/people/doi-ngu/pham-thanh-phuc.webp,public/images/people/doi-ngu/pham-thanh-phuc.webp,WEBP,1200 × 1500,95,DA_TICH_HOP
296,Nhân vật và văn phòng,Chân dung đội ngũ,/images/people/doi-ngu/tran-duc-hoang.webp,public/images/people/doi-ngu/tran-duc-hoang.webp,WEBP,1200 × 1500,96,DA_TICH_HOP
297,Nhân vật và văn phòng,Chân dung đội ngũ,/images/people/doi-ngu/tran-gia-bao.webp,public/images/people/doi-ngu/tran-gia-bao.webp,WEBP,1200 × 1500,86,DA_TICH_HOP
298,Nhân vật và văn phòng,Chân dung đội ngũ,/images/people/doi-ngu/tran-gia-tin.webp,public/images/people/doi-ngu/tran-gia-tin.webp,WEBP,1200 × 1500,128,DA_TICH_HOP
299,Nhân vật và văn phòng,Chân dung đội ngũ,/images/people/doi-ngu/tran-ngoc-anh.webp,public/images/people/doi-ngu/tran-ngoc-anh.webp,WEBP,1200 × 1500,98,DA_TICH_HOP
300,Nhân vật và văn phòng,Chân dung đội ngũ,/images/people/doi-ngu/tran-quynh-anh.webp,public/images/people/doi-ngu/tran-quynh-anh.webp,WEBP,1200 × 1500,124,DA_TICH_HOP
301,Nhân vật và văn phòng,Chân dung đội ngũ,/images/people/doi-ngu/tran-tien-phat.webp,public/images/people/doi-ngu/tran-tien-phat.webp,WEBP,1200 × 1500,129,DA_TICH_HOP
302,Nhân vật và văn phòng,Chân dung đội ngũ,/images/people/doi-ngu/vo-anh-vu.webp,public/images/people/doi-ngu/vo-anh-vu.webp,WEBP,1200 × 1500,113,DA_TICH_HOP
303,Nhân vật và văn phòng,Chân dung đội ngũ,/images/people/doi-ngu/vo-hoang-an.webp,public/images/people/doi-ngu/vo-hoang-an.webp,WEBP,1200 × 1500,85,DA_TICH_HOP
304,Nhân vật và văn phòng,Chân dung đội ngũ,/images/people/doi-ngu/vo-minh-tri.webp,public/images/people/doi-ngu/vo-minh-tri.webp,WEBP,1200 × 1500,96,DA_TICH_HOP
305,Nhân vật và văn phòng,Chân dung đội ngũ,/images/people/doi-ngu/vo-tan-huy.webp,public/images/people/doi-ngu/vo-tan-huy.webp,WEBP,1200 × 1500,129,DA_TICH_HOP
306,Nhân vật và văn phòng,Chân dung đội ngũ,/images/people/doi-ngu/vo-thanh-mai.webp,public/images/people/doi-ngu/vo-thanh-mai.webp,WEBP,1200 × 1500,102,DA_TICH_HOP
307,Nhân vật và văn phòng,Chân dung đối tác,/images/people/doi-tac/bui-minh-duc.webp,public/images/people/doi-tac/bui-minh-duc.webp,WEBP,1000 × 1000,53,DA_TICH_HOP
308,Nhân vật và văn phòng,Chân dung đối tác,/images/people/doi-tac/dang-hoai-thuong.webp,public/images/people/doi-tac/dang-hoai-thuong.webp,WEBP,1000 × 1000,54,DA_TICH_HOP
309,Nhân vật và văn phòng,Chân dung đối tác,/images/people/doi-tac/dang-quoc-bao.webp,public/images/people/doi-tac/dang-quoc-bao.webp,WEBP,1000 × 1000,44,DA_TICH_HOP
310,Nhân vật và văn phòng,Chân dung đối tác,/images/people/doi-tac/le-kien-an.webp,public/images/people/doi-tac/le-kien-an.webp,WEBP,1000 × 1000,42,DA_TICH_HOP
311,Nhân vật và văn phòng,Chân dung đối tác,/images/people/doi-tac/le-quang-huy.webp,public/images/people/doi-tac/le-quang-huy.webp,WEBP,1000 × 1000,51,DA_TICH_HOP
312,Nhân vật và văn phòng,Chân dung đối tác,/images/people/doi-tac/nguyen-gia-han.webp,public/images/people/doi-tac/nguyen-gia-han.webp,WEBP,1000 × 1000,57,DA_TICH_HOP
313,Nhân vật và văn phòng,Chân dung đối tác,/images/people/doi-tac/nguyen-thao-vy.webp,public/images/people/doi-tac/nguyen-thao-vy.webp,WEBP,1000 × 1000,51,DA_TICH_HOP
314,Nhân vật và văn phòng,Chân dung đối tác,/images/people/doi-tac/nguyen-tuan-kiet.webp,public/images/people/doi-tac/nguyen-tuan-kiet.webp,WEBP,1000 × 1000,57,DA_TICH_HOP
315,Nhân vật và văn phòng,Chân dung đối tác,/images/people/doi-tac/pham-minh-anh.webp,public/images/people/doi-tac/pham-minh-anh.webp,WEBP,1000 × 1000,57,DA_TICH_HOP
316,Nhân vật và văn phòng,Chân dung đối tác,/images/people/doi-tac/pham-thu-ha.webp,public/images/people/doi-tac/pham-thu-ha.webp,WEBP,1000 × 1000,54,DA_TICH_HOP
317,Nhân vật và văn phòng,Chân dung đối tác,/images/people/doi-tac/tran-bao-ngoc.webp,public/images/people/doi-tac/tran-bao-ngoc.webp,WEBP,1000 × 1000,59,DA_TICH_HOP
318,Nhân vật và văn phòng,Chân dung đối tác,/images/people/doi-tac/tran-khanh-phong.webp,public/images/people/doi-tac/tran-khanh-phong.webp,WEBP,1000 × 1000,59,DA_TICH_HOP
319,Nhân vật và văn phòng,Chân dung đối tác,/images/people/doi-tac/vo-khanh-linh.webp,public/images/people/doi-tac/vo-khanh-linh.webp,WEBP,1000 × 1000,52,DA_TICH_HOP
320,Nhân vật và văn phòng,Chân dung đối tác,/images/people/doi-tac/vo-nhat-nam.webp,public/images/people/doi-tac/vo-nhat-nam.webp,WEBP,1000 × 1000,62,DA_TICH_HOP
321,Nhân vật và văn phòng,Tệp master,/images/people/founder/softbuild/le-khai-minh-master.png,public/images/people/founder/softbuild/le-khai-minh-master.png,PNG,1122 × 1402,1831,MASTER_LUU_TRU
322,Nhân vật và văn phòng,Tài sản hình ảnh SoftBuild,/images/people/founder/softbuild/le-khai-minh.webp,public/images/people/founder/softbuild/le-khai-minh.webp,WEBP,1600 × 2000,123,DA_TICH_HOP
323,Nhân vật và văn phòng,Chân dung khách hàng,/images/people/khach-hang/dang-minh-khoa.webp,public/images/people/khach-hang/dang-minh-khoa.webp,WEBP,1000 × 1000,62,DA_TICH_HOP
324,Nhân vật và văn phòng,Chân dung khách hàng,/images/people/khach-hang/le-duc-anh.webp,public/images/people/khach-hang/le-duc-anh.webp,WEBP,1000 × 1000,53,DA_TICH_HOP
325,Nhân vật và văn phòng,Chân dung khách hàng,/images/people/khach-hang/nguyen-quoc-viet.webp,public/images/people/khach-hang/nguyen-quoc-viet.webp,WEBP,1000 × 1000,56,DA_TICH_HOP
326,Nhân vật và văn phòng,Chân dung khách hàng,/images/people/khach-hang/pham-hai-long.webp,public/images/people/khach-hang/pham-hai-long.webp,WEBP,1000 × 1000,47,DA_TICH_HOP
327,Nhân vật và văn phòng,Chân dung khách hàng,/images/people/khach-hang/tran-minh-chau.webp,public/images/people/khach-hang/tran-minh-chau.webp,WEBP,1000 × 1000,55,DA_TICH_HOP
328,Nhân vật và văn phòng,Chân dung khách hàng,/images/people/khach-hang/vo-thanh-huong.webp,public/images/people/khach-hang/vo-thanh-huong.webp,WEBP,1000 × 1000,57,DA_TICH_HOP
329,Nhân vật và văn phòng,Tệp master,/images/people/library/softbuild/portrait-nam-01-master.png,public/images/people/library/softbuild/portrait-nam-01-master.png,PNG,1122 × 1402,1992,MASTER_LUU_TRU
330,Nhân vật và văn phòng,Tài sản hình ảnh SoftBuild,/images/people/library/softbuild/portrait-nam-01.webp,public/images/people/library/softbuild/portrait-nam-01.webp,WEBP,1200 × 1500,104,DA_TICH_HOP
331,Nhân vật và văn phòng,Tệp master,/images/people/library/softbuild/portrait-nam-02-master.png,public/images/people/library/softbuild/portrait-nam-02-master.png,PNG,1122 × 1402,2018,MASTER_LUU_TRU
332,Nhân vật và văn phòng,Tài sản hình ảnh SoftBuild,/images/people/library/softbuild/portrait-nam-02.webp,public/images/people/library/softbuild/portrait-nam-02.webp,WEBP,1200 × 1500,132,DA_TICH_HOP
333,Nhân vật và văn phòng,Tệp master,/images/people/library/softbuild/portrait-nam-03-master.png,public/images/people/library/softbuild/portrait-nam-03-master.png,PNG,1122 × 1402,1769,MASTER_LUU_TRU
334,Nhân vật và văn phòng,Tài sản hình ảnh SoftBuild,/images/people/library/softbuild/portrait-nam-03.webp,public/images/people/library/softbuild/portrait-nam-03.webp,WEBP,1200 × 1500,86,DA_TICH_HOP
335,Nhân vật và văn phòng,Tệp master,/images/people/library/softbuild/portrait-nam-04-master.png,public/images/people/library/softbuild/portrait-nam-04-master.png,PNG,1122 × 1402,1996,MASTER_LUU_TRU
336,Nhân vật và văn phòng,Tài sản hình ảnh SoftBuild,/images/people/library/softbuild/portrait-nam-04.webp,public/images/people/library/softbuild/portrait-nam-04.webp,WEBP,1200 × 1500,117,DA_TICH_HOP
337,Nhân vật và văn phòng,Tệp master,/images/people/library/softbuild/portrait-nam-05-master.png,public/images/people/library/softbuild/portrait-nam-05-master.png,PNG,1122 × 1402,1937,MASTER_LUU_TRU
338,Nhân vật và văn phòng,Tài sản hình ảnh SoftBuild,/images/people/library/softbuild/portrait-nam-05.webp,public/images/people/library/softbuild/portrait-nam-05.webp,WEBP,1200 × 1500,112,DA_TICH_HOP
339,Nhân vật và văn phòng,Tệp master,/images/people/library/softbuild/portrait-nam-06-master.png,public/images/people/library/softbuild/portrait-nam-06-master.png,PNG,1122 × 1402,1707,MASTER_LUU_TRU
340,Nhân vật và văn phòng,Tài sản hình ảnh SoftBuild,/images/people/library/softbuild/portrait-nam-06.webp,public/images/people/library/softbuild/portrait-nam-06.webp,WEBP,1200 × 1500,78,DA_TICH_HOP
341,Nhân vật và văn phòng,Tệp master,/images/people/library/softbuild/portrait-nu-01-master.png,public/images/people/library/softbuild/portrait-nu-01-master.png,PNG,1122 × 1402,2015,MASTER_LUU_TRU
342,Nhân vật và văn phòng,Tài sản hình ảnh SoftBuild,/images/people/library/softbuild/portrait-nu-01.webp,public/images/people/library/softbuild/portrait-nu-01.webp,WEBP,1200 × 1500,110,DA_TICH_HOP
343,Nhân vật và văn phòng,Tệp master,/images/people/library/softbuild/portrait-nu-02-master.png,public/images/people/library/softbuild/portrait-nu-02-master.png,PNG,1122 × 1402,1921,MASTER_LUU_TRU
344,Nhân vật và văn phòng,Tài sản hình ảnh SoftBuild,/images/people/library/softbuild/portrait-nu-02.webp,public/images/people/library/softbuild/portrait-nu-02.webp,WEBP,1200 × 1500,112,DA_TICH_HOP
345,Nhân vật và văn phòng,Tệp master,/images/people/library/softbuild/portrait-nu-03-master.png,public/images/people/library/softbuild/portrait-nu-03-master.png,PNG,1122 × 1402,2107,MASTER_LUU_TRU
346,Nhân vật và văn phòng,Tài sản hình ảnh SoftBuild,/images/people/library/softbuild/portrait-nu-03.webp,public/images/people/library/softbuild/portrait-nu-03.webp,WEBP,1200 × 1500,139,DA_TICH_HOP
347,Nhân vật và văn phòng,Tệp master,/images/people/library/softbuild/portrait-nu-04-master.png,public/images/people/library/softbuild/portrait-nu-04-master.png,PNG,1122 × 1402,2049,MASTER_LUU_TRU
348,Nhân vật và văn phòng,Tài sản hình ảnh SoftBuild,/images/people/library/softbuild/portrait-nu-04.webp,public/images/people/library/softbuild/portrait-nu-04.webp,WEBP,1200 × 1500,136,DA_TICH_HOP
349,Nhân vật và văn phòng,Tệp master,/images/people/library/softbuild/portrait-nu-05-master.png,public/images/people/library/softbuild/portrait-nu-05-master.png,PNG,1122 × 1402,1926,MASTER_LUU_TRU
350,Nhân vật và văn phòng,Tài sản hình ảnh SoftBuild,/images/people/library/softbuild/portrait-nu-05.webp,public/images/people/library/softbuild/portrait-nu-05.webp,WEBP,1200 × 1500,103,DA_TICH_HOP
351,Nhân vật và văn phòng,Tệp master,/images/people/library/softbuild/portrait-nu-06-master.png,public/images/people/library/softbuild/portrait-nu-06-master.png,PNG,1122 × 1402,1875,MASTER_LUU_TRU
352,Nhân vật và văn phòng,Tài sản hình ảnh SoftBuild,/images/people/library/softbuild/portrait-nu-06.webp,public/images/people/library/softbuild/portrait-nu-06.webp,WEBP,1200 × 1500,103,DA_TICH_HOP
353,Nhân vật và văn phòng,Tệp master,/images/people/scenes/softbuild/masters/backend-engineer.png,public/images/people/scenes/softbuild/masters/backend-engineer.png,PNG,1086 × 1448,1845,MASTER_LUU_TRU
354,Nhân vật và văn phòng,Tệp master,/images/people/scenes/softbuild/masters/business-analyst.png,public/images/people/scenes/softbuild/masters/business-analyst.png,PNG,1448 × 1086,1774,MASTER_LUU_TRU
355,Nhân vật và văn phòng,Tệp master,/images/people/scenes/softbuild/masters/doi-ngu-tuyen-dung.png,public/images/people/scenes/softbuild/masters/doi-ngu-tuyen-dung.png,PNG,1672 × 941,1985,MASTER_LUU_TRU
356,Nhân vật và văn phòng,Tệp master,/images/people/scenes/softbuild/masters/flutter-developer.png,public/images/people/scenes/softbuild/masters/flutter-developer.png,PNG,1254 × 1254,1770,MASTER_LUU_TRU
357,Nhân vật và văn phòng,Tệp master,/images/people/scenes/softbuild/masters/kiem-thu-phan-mem.png,public/images/people/scenes/softbuild/masters/kiem-thu-phan-mem.png,PNG,1672 × 941,1922,MASTER_LUU_TRU
358,Nhân vật và văn phòng,Tệp master,/images/people/scenes/softbuild/masters/van-phong.png,public/images/people/scenes/softbuild/masters/van-phong.png,PNG,1536 × 1024,2122,MASTER_LUU_TRU
359,Nhân vật và văn phòng,Tài sản hình ảnh SoftBuild,/images/people/tuyen-dung/doi-ngu-softbuild.webp,public/images/people/tuyen-dung/doi-ngu-softbuild.webp,WEBP,2560 × 1440,238,DA_TICH_HOP
360,Nhân vật và văn phòng,Ảnh văn phòng,/images/people/van-phong/van-phong-softbuild.webp,public/images/people/van-phong/van-phong-softbuild.webp,WEBP,2400 × 1600,298,DA_TICH_HOP
361,Nhân vật và văn phòng,Ảnh Work Life,/images/people/work-life-chi-tiet/ba-hop-du-an.webp,public/images/people/work-life-chi-tiet/ba-hop-du-an.webp,WEBP,1600 × 1600,133,DA_TICH_HOP
362,Nhân vật và văn phòng,Ảnh Work Life,/images/people/work-life-chi-tiet/bat-dau-ngay-lam-viec-backend.webp,public/images/people/work-life-chi-tiet/bat-dau-ngay-lam-viec-backend.webp,WEBP,1200 × 1600,123,DA_TICH_HOP
363,Nhân vật và văn phòng,Ảnh Work Life,/images/people/work-life-chi-tiet/doi-ngu-software-engineer-softbuild.webp,public/images/people/work-life-chi-tiet/doi-ngu-software-engineer-softbuild.webp,WEBP,2400 × 1600,233,DA_TICH_HOP
364,Nhân vật và văn phòng,Ảnh Work Life,/images/people/work-life-chi-tiet/hai-chuyen-vien-ba.webp,public/images/people/work-life-chi-tiet/hai-chuyen-vien-ba.webp,WEBP,1600 × 1600,142,DA_TICH_HOP
365,Nhân vật và văn phòng,Ảnh Work Life,/images/people/work-life-chi-tiet/hai-chuyen-vien-kiem-thu.webp,public/images/people/work-life-chi-tiet/hai-chuyen-vien-kiem-thu.webp,WEBP,1920 × 1080,144,DA_TICH_HOP
366,Nhân vật và văn phòng,Ảnh Work Life,/images/people/work-life-chi-tiet/hop-nhom-dau-ngay-kiem-thu.webp,public/images/people/work-life-chi-tiet/hop-nhom-dau-ngay-kiem-thu.webp,WEBP,1600 × 1600,133,DA_TICH_HOP
367,Nhân vật và văn phòng,Ảnh Work Life,/images/people/work-life-chi-tiet/kinh-nghiem-cho-ba-moi.webp,public/images/people/work-life-chi-tiet/kinh-nghiem-cho-ba-moi.webp,WEBP,1600 × 1600,153,DA_TICH_HOP
368,Nhân vật và văn phòng,Ảnh Work Life,/images/people/work-life-chi-tiet/kinh-nghiem-cho-tester-moi.webp,public/images/people/work-life-chi-tiet/kinh-nghiem-cho-tester-moi.webp,WEBP,1600 × 1200,132,DA_TICH_HOP
369,Nhân vật và văn phòng,Ảnh Work Life,/images/people/work-life-chi-tiet/le-minh-khuong-business-analyst.webp,public/images/people/work-life-chi-tiet/le-minh-khuong-business-analyst.webp,WEBP,1600 × 1600,85,DA_TICH_HOP
370,Nhân vật và văn phòng,Ảnh Work Life,/images/people/work-life-chi-tiet/mot-ngay-flutter-developer.webp,public/images/people/work-life-chi-tiet/mot-ngay-flutter-developer.webp,WEBP,1600 × 1600,132,DA_TICH_HOP
371,Nhân vật và văn phòng,Ảnh Work Life,/images/people/work-life-chi-tiet/nguyen-gia-bao-flutter-developer.webp,public/images/people/work-life-chi-tiet/nguyen-gia-bao-flutter-developer.webp,WEBP,1600 × 1600,116,DA_TICH_HOP
372,Nhân vật và văn phòng,Ảnh Work Life,/images/people/work-life-chi-tiet/nguyen-quoc-huy-tester.webp,public/images/people/work-life-chi-tiet/nguyen-quoc-huy-tester.webp,WEBP,1600 × 1600,124,DA_TICH_HOP
373,Nhân vật và văn phòng,Ảnh Work Life,/images/people/work-life-chi-tiet/qua-trinh-lam-viec-backend.webp,public/images/people/work-life-chi-tiet/qua-trinh-lam-viec-backend.webp,WEBP,1200 × 1600,122,DA_TICH_HOP
374,Nhân vật và văn phòng,Ảnh Work Life,/images/people/work-life-chi-tiet/tran-gia-bao-backend-engineer.webp,public/images/people/work-life-chi-tiet/tran-gia-bao-backend-engineer.webp,WEBP,1600 × 1600,95,DA_TICH_HOP
375,Nhân vật và văn phòng,Ảnh Work Life,/images/people/work-life-chi-tiet/tran-thuc-quyen-tester.webp,public/images/people/work-life-chi-tiet/tran-thuc-quyen-tester.webp,WEBP,1600 × 1600,102,DA_TICH_HOP
376,Nhân vật và văn phòng,Ảnh Work Life,/images/people/work-life-chi-tiet/trao-doi-cong-viec-backend.webp,public/images/people/work-life-chi-tiet/trao-doi-cong-viec-backend.webp,WEBP,1600 × 1200,153,DA_TICH_HOP
377,Nhân vật và văn phòng,Ảnh Work Life,/images/people/work-life-chi-tiet/vo-tuan-tai-business-analyst.webp,public/images/people/work-life-chi-tiet/vo-tuan-tai-business-analyst.webp,WEBP,1600 × 1600,103,DA_TICH_HOP
378,Nhân vật và văn phòng,Ảnh Work Life,/images/people/work-life/mot-ngay-business-analyst-softbuild.webp,public/images/people/work-life/mot-ngay-business-analyst-softbuild.webp,WEBP,1920 × 1080,133,DA_TICH_HOP
379,Nhân vật và văn phòng,Ảnh Work Life,/images/people/work-life/mot-ngay-flutter-developer-softbuild.webp,public/images/people/work-life/mot-ngay-flutter-developer-softbuild.webp,WEBP,1920 × 1080,118,DA_TICH_HOP
380,Nhân vật và văn phòng,Ảnh Work Life,/images/people/work-life/mot-ngay-kiem-thu-softbuild.webp,public/images/people/work-life/mot-ngay-kiem-thu-softbuild.webp,WEBP,1920 × 1080,144,DA_TICH_HOP
381,Dịch vụ SoftBuild,Ảnh dịch vụ,/images/services/softbuild/ai-development.webp,public/images/services/softbuild/ai-development.webp,WEBP,1360 × 840,128,DA_TICH_HOP
382,Dịch vụ SoftBuild,Ảnh dịch vụ,/images/services/softbuild/blockchain-development.webp,public/images/services/softbuild/blockchain-development.webp,WEBP,1360 × 840,75,DA_TICH_HOP
383,Dịch vụ SoftBuild,Ảnh dịch vụ,/images/services/softbuild/custom-software-solutions.webp,public/images/services/softbuild/custom-software-solutions.webp,WEBP,1360 × 841,85,DA_TICH_HOP
384,Dịch vụ SoftBuild,Ảnh dịch vụ,/images/services/softbuild/devops-development.webp,public/images/services/softbuild/devops-development.webp,WEBP,1360 × 840,90,DA_TICH_HOP
385,Dịch vụ SoftBuild,Ảnh dịch vụ,/images/services/softbuild/enterprise-software-development.webp,public/images/services/softbuild/enterprise-software-development.webp,WEBP,1360 × 837,89,DA_TICH_HOP
386,Dịch vụ SoftBuild,Ảnh dịch vụ,/images/services/softbuild/generative-ai-integration.webp,public/images/services/softbuild/generative-ai-integration.webp,WEBP,1360 × 841,132,DA_TICH_HOP
387,Dịch vụ SoftBuild,Ảnh dịch vụ,/images/services/softbuild/iot-development.webp,public/images/services/softbuild/iot-development.webp,WEBP,1360 × 840,154,DA_TICH_HOP
388,Dịch vụ SoftBuild,Ảnh dịch vụ,/images/services/softbuild/mobile-app-development.webp,public/images/services/softbuild/mobile-app-development.webp,WEBP,1360 × 841,82,DA_TICH_HOP
389,Dịch vụ SoftBuild,Ảnh dịch vụ,/images/services/softbuild/mvp-software-development.webp,public/images/services/softbuild/mvp-software-development.webp,WEBP,1380 × 845,82,DA_TICH_HOP
390,Dịch vụ SoftBuild,Ảnh dịch vụ,/images/services/softbuild/saas-application-development.webp,public/images/services/softbuild/saas-application-development.webp,WEBP,1360 × 840,65,DA_TICH_HOP
391,Dịch vụ SoftBuild,Ảnh dịch vụ,/images/services/softbuild/software-maintenance-and-support.webp,public/images/services/softbuild/software-maintenance-and-support.webp,WEBP,1360 × 844,117,DA_TICH_HOP
392,Dịch vụ SoftBuild,Ảnh dịch vụ,/images/services/softbuild/web-application-development.webp,public/images/services/softbuild/web-application-development.webp,WEBP,1360 × 840,88,DA_TICH_HOP
393,Biểu tượng ngành nghề,Biểu tượng ngành nghề,/images/industries/softbuild/chuoi-cung-ung.png,public/images/industries/softbuild/chuoi-cung-ung.png,PNG,96 × 96,4,DA_TICH_HOP
394,Biểu tượng ngành nghề,Biểu tượng ngành nghề,/images/industries/softbuild/dau-khi.png,public/images/industries/softbuild/dau-khi.png,PNG,96 × 96,3,DA_TICH_HOP
395,Biểu tượng ngành nghề,Biểu tượng ngành nghề,/images/industries/softbuild/du-lich.png,public/images/industries/softbuild/du-lich.png,PNG,96 × 96,3,DA_TICH_HOP
396,Biểu tượng ngành nghề,Biểu tượng ngành nghề,/images/industries/softbuild/ke-toan.png,public/images/industries/softbuild/ke-toan.png,PNG,96 × 96,4,DA_TICH_HOP
397,Biểu tượng ngành nghề,Biểu tượng ngành nghề,/images/industries/softbuild/ngan-hang.png,public/images/industries/softbuild/ngan-hang.png,PNG,96 × 96,4,DA_TICH_HOP
398,Biểu tượng ngành nghề,Biểu tượng ngành nghề,/images/industries/softbuild/nong-nghiep.png,public/images/industries/softbuild/nong-nghiep.png,PNG,96 × 96,5,DA_TICH_HOP
399,Biểu tượng ngành nghề,Biểu tượng ngành nghề,/images/industries/softbuild/phan-mem-tien-ich.png,public/images/industries/softbuild/phan-mem-tien-ich.png,PNG,96 × 96,4,DA_TICH_HOP
400,Biểu tượng ngành nghề,Biểu tượng ngành nghề,/images/industries/softbuild/ung-dung-theo-yeu-cau.png,public/images/industries/softbuild/ung-dung-theo-yeu-cau.png,PNG,96 × 96,4,DA_TICH_HOP
401,Biểu tượng ngành nghề,Biểu tượng ngành nghề,/images/industries/softbuild/xay-dung.png,public/images/industries/softbuild/xay-dung.png,PNG,96 × 96,3,DA_TICH_HOP
